"","analyte","score_bin","season","community","n","min","max","median","mean","sd","gmean","gsd"
"1","Ag","None","Winter","Dewey-Humboldt",17,0.0026,0.0309,0.0152,0.0167,0.00767,0.0143,1.95
"2","Ag","None","Winter","Globe/Miami",14,0.00274,0.0459,0.0165,0.0181,0.011,0.0149,2.03
"3","Ag","None","Winter","Hayden/Winkelman",37,0.0018,0.331,0.02,0.0522,0.079,0.0196,4.32
"4","Ag","None","Winter","Tucson",44,0.005,1.15,0.02,0.0489,0.172,0.0184,2.82
"5","Ag","None","Monsoon","Dewey-Humboldt",11,0.0099,0.341,0.017,0.0565,0.0967,0.0284,2.86
"6","Ag","None","Monsoon","Globe/Miami",6,0.00265,0.0736,0.0134,0.0214,0.0265,0.012,3.27
"7","Ag","None","Monsoon","Hayden/Winkelman",14,0.00584,0.818,0.017,0.0865,0.213,0.027,3.63
"8","Ag","None","Monsoon","Tucson",17,0.00158,0.927,0.017,0.0793,0.22,0.0224,3.78
"9","Ag","Medium","Winter","Dewey-Humboldt",8,0.011,0.02,0.014,0.0158,0.00358,0.0155,1.25
"10","Ag","Medium","Winter","Globe/Miami",35,0.0018,0.873,0.02,0.0598,0.146,0.0244,3.4
"11","Ag","Medium","Winter","Hayden/Winkelman",23,0.0018,0.48,0.014,0.0435,0.0985,0.0163,3.72
"12","Ag","Medium","Winter","Tucson",90,0.0018,1.11,0.0117,0.0423,0.128,0.0154,3.11
"13","Ag","Medium","Monsoon","Dewey-Humboldt",3,0.0099,0.017,0.0167,0.0145,0.00402,0.0141,1.36
"14","Ag","Medium","Monsoon","Globe/Miami",24,0.00423,0.0858,0.017,0.0265,0.0214,0.02,2.15
"15","Ag","Medium","Monsoon","Hayden/Winkelman",9,0.00522,0.0708,0.017,0.0253,0.0222,0.0185,2.32
"16","Ag","Medium","Monsoon","Tucson",31,0.0012,0.584,0.017,0.0453,0.104,0.0199,3.26
"17","Ag","High","Winter","Dewey-Humboldt",9,0.00291,0.0703,0.014,0.0205,0.0209,0.0136,2.67
"18","Ag","High","Winter","Globe/Miami",30,0.0018,0.156,0.0163,0.0272,0.0329,0.0152,3.1
"19","Ag","High","Winter","Hayden/Winkelman",4,0.0055,0.0322,0.0176,0.0182,0.0113,0.0151,2.13
"20","Ag","High","Winter","Tucson",86,0.0018,0.192,0.0137,0.0209,0.029,0.0131,2.48
"21","Ag","High","Monsoon","Dewey-Humboldt",5,0.00442,0.0637,0.017,0.0265,0.0243,0.0178,2.88
"22","Ag","High","Monsoon","Globe/Miami",14,0.0015,0.0732,0.0163,0.0195,0.0185,0.0127,2.96
"23","Ag","High","Monsoon","Hayden/Winkelman",1,0.017,0.017,0.017,0.017,NA,0.017,NA
"24","Ag","High","Monsoon","Tucson",39,0.0015,0.725,0.017,0.0533,0.121,0.0212,3.57
"25","Al","None","Winter","Dewey-Humboldt",17,14.4,634,25.8,68.5,149,32,2.6
"26","Al","None","Winter","Globe/Miami",14,26.3,243,40.9,75.6,70.3,56,2.11
"27","Al","None","Winter","Hayden/Winkelman",37,14.9,359,31.6,63.7,79.5,42.6,2.2
"28","Al","None","Winter","Tucson",44,10.5,370,33.3,58,80.2,38.4,2.16
"29","Al","None","Monsoon","Dewey-Humboldt",11,16.6,432,36.6,103,127,58.2,2.94
"30","Al","None","Monsoon","Globe/Miami",6,13,145,94.3,82,53.8,59.9,2.71
"31","Al","None","Monsoon","Hayden/Winkelman",14,16.6,746,87.8,150,196,88.6,2.72
"32","Al","None","Monsoon","Tucson",17,15.9,338,34.5,59.3,78.2,39.7,2.21
"33","Al","Medium","Winter","Dewey-Humboldt",8,16,37.4,21,23.5,6.92,22.8,1.31
"34","Al","Medium","Winter","Globe/Miami",35,17,1500,51.4,133,285,60.4,2.77
"35","Al","Medium","Winter","Hayden/Winkelman",23,3.82,136,41.4,43.6,33.7,31.6,2.46
"36","Al","Medium","Winter","Tucson",90,1.54,943,29.2,58.9,110,33.7,2.54
"37","Al","Medium","Monsoon","Dewey-Humboldt",3,16,78,29.7,41.3,32.6,33.4,2.22
"38","Al","Medium","Monsoon","Globe/Miami",24,16,1060,55,132,221,71.6,2.65
"39","Al","Medium","Monsoon","Hayden/Winkelman",9,18.9,511,30.5,103,163,50.6,3.03
"40","Al","Medium","Monsoon","Tucson",31,12.9,117,32.5,42.5,26.6,35.8,1.81
"41","Al","High","Winter","Dewey-Humboldt",9,11,195,34.6,54.4,58.6,36.9,2.44
"42","Al","High","Winter","Globe/Miami",30,14.4,4760,52.2,469,1180,83.1,4.9
"43","Al","High","Winter","Hayden/Winkelman",4,21,35.7,28.8,28.6,6.53,28,1.27
"44","Al","High","Winter","Tucson",86,12.4,214,33.6,45.3,35.5,36.7,1.86
"45","Al","High","Monsoon","Dewey-Humboldt",5,20.8,111,29,50.3,38,40.9,2.02
"46","Al","High","Monsoon","Globe/Miami",14,27.1,5210,61.6,569,1420,105,4.91
"47","Al","High","Monsoon","Hayden/Winkelman",1,30.1,30.1,30.1,30.1,NA,30.1,NA
"48","Al","High","Monsoon","Tucson",39,10.3,405,30.9,57.9,77.4,37.3,2.32
"49","As","None","Winter","Dewey-Humboldt",17,0.154,3.06,0.955,0.859,0.708,0.64,2.25
"50","As","None","Winter","Globe/Miami",14,0.28,3.01,0.973,0.959,0.67,0.803,1.84
"51","As","None","Winter","Hayden/Winkelman",37,0.139,22,2.78,4.04,4.23,2.63,2.72
"52","As","None","Winter","Tucson",44,0.36,2.59,1.02,0.975,0.457,0.87,1.65
"53","As","None","Monsoon","Dewey-Humboldt",11,0.71,14.1,2.1,4.31,4.91,2.64,2.72
"54","As","None","Monsoon","Globe/Miami",6,0.459,2.73,1.18,1.36,0.927,1.09,2.11
"55","As","None","Monsoon","Hayden/Winkelman",14,1.78,120,13.6,21.6,30.2,12.2,2.97
"56","As","None","Monsoon","Tucson",17,0.63,4.75,1.31,1.47,1.01,1.25,1.75
"57","As","Medium","Winter","Dewey-Humboldt",8,0.263,1.09,0.92,0.733,0.353,0.637,1.84
"58","As","Medium","Winter","Globe/Miami",35,0.16,3.84,0.688,0.84,0.869,0.597,2.21
"59","As","Medium","Winter","Hayden/Winkelman",23,0.28,11.6,1.83,2.59,2.84,1.74,2.45
"60","As","Medium","Winter","Tucson",90,0.18,8.64,0.665,1.14,1.25,0.793,2.23
"61","As","Medium","Monsoon","Dewey-Humboldt",3,0.812,1.15,1.05,1,0.173,0.994,1.2
"62","As","Medium","Monsoon","Globe/Miami",24,0.67,7.42,1.29,1.74,1.42,1.45,1.74
"63","As","Medium","Monsoon","Hayden/Winkelman",9,1.17,34.3,2.9,7.88,11.3,3.96,3.13
"64","As","Medium","Monsoon","Tucson",31,0.372,3,1.02,1.29,0.633,1.15,1.63
"65","As","High","Winter","Dewey-Humboldt",9,0.334,3.49,0.99,1.31,1.03,1,2.21
"66","As","High","Winter","Globe/Miami",30,0.16,2.09,0.646,0.729,0.45,0.601,1.92
"67","As","High","Winter","Hayden/Winkelman",4,0.99,3.58,1.96,2.12,1.22,1.86,1.83
"68","As","High","Winter","Tucson",86,0.108,9.8,0.754,1.27,1.63,0.812,2.44
"69","As","High","Monsoon","Dewey-Humboldt",5,0.498,2.8,1.37,1.62,0.969,1.36,2.01
"70","As","High","Monsoon","Globe/Miami",14,0.675,3.7,1.19,1.49,0.824,1.32,1.63
"71","As","High","Monsoon","Hayden/Winkelman",1,6.8,6.8,6.8,6.8,NA,6.8,NA
"72","As","High","Monsoon","Tucson",39,0.34,13.7,1.15,2.34,3.04,1.46,2.41
"73","Ba","None","Winter","Dewey-Humboldt",17,0.314,30,3.75,5.08,6.57,3.47,2.42
"74","Ba","None","Winter","Globe/Miami",14,0.412,17.8,8.34,8.9,4.47,7.12,2.47
"75","Ba","None","Winter","Hayden/Winkelman",37,0.703,126,16.7,27.1,31.4,16,3.06
"76","Ba","None","Winter","Tucson",44,0.331,27,7.76,9.39,5.9,7.64,2.09
"77","Ba","None","Monsoon","Dewey-Humboldt",11,4.84,76.2,16.5,20.6,20.5,14.8,2.25
"78","Ba","None","Monsoon","Globe/Miami",6,0.953,80.7,24.6,30.9,27,17.6,4.58
"79","Ba","None","Monsoon","Hayden/Winkelman",14,11.6,185,38,63.5,54.1,47.3,2.19
"80","Ba","None","Monsoon","Tucson",17,0.64,83.1,20.6,23.2,22.2,14.7,3.12
"81","Ba","Medium","Winter","Dewey-Humboldt",8,1.26,6.2,2.33,2.59,1.56,2.29,1.65
"82","Ba","Medium","Winter","Globe/Miami",35,1.56,37.7,6.11,10.4,10,7.32,2.26
"83","Ba","Medium","Winter","Hayden/Winkelman",23,0.226,61.3,9.96,14.5,14.4,7.93,4.01
"84","Ba","Medium","Winter","Tucson",90,0.119,54.2,9.65,12,9.73,7.9,3.23
"85","Ba","Medium","Monsoon","Dewey-Humboldt",3,2.02,13,4.85,6.63,5.72,5.03,2.54
"86","Ba","Medium","Monsoon","Globe/Miami",24,5.85,138,21.3,29.2,27.9,21.6,2.16
"87","Ba","Medium","Monsoon","Hayden/Winkelman",9,4.77,204,28.9,50.7,62.2,29.9,2.97
"88","Ba","Medium","Monsoon","Tucson",31,0.556,49.6,13.9,17.6,10.2,14.1,2.27
"89","Ba","High","Winter","Dewey-Humboldt",9,0.606,18.4,2.99,5.49,6.54,2.91,3.37
"90","Ba","High","Winter","Globe/Miami",30,1.2,32.5,7.97,11,8.88,7.8,2.41
"91","Ba","High","Winter","Hayden/Winkelman",4,3.58,5.26,4.28,4.35,0.698,4.31,1.17
"92","Ba","High","Winter","Tucson",86,0.836,74.3,9.12,13.8,13,9.86,2.27
"93","Ba","High","Monsoon","Dewey-Humboldt",5,4.41,22.4,12,12.1,7.58,10,2.03
"94","Ba","High","Monsoon","Globe/Miami",14,7.96,42.8,16.7,18.7,8.49,17.3,1.5
"95","Ba","High","Monsoon","Hayden/Winkelman",1,22,22,22,22,NA,22,NA
"96","Ba","High","Monsoon","Tucson",39,6.2,86.1,18.8,22.9,20.7,17.4,2.03
"97","Be","None","Winter","Dewey-Humboldt",17,0.0042,0.064,0.0208,0.0268,0.022,0.018,2.7
"98","Be","None","Winter","Globe/Miami",14,0.0077,0.064,0.04,0.0387,0.0188,0.0329,1.95
"99","Be","None","Winter","Hayden/Winkelman",37,0.00063,1.4,0.0324,0.0627,0.227,0.0189,3.77
"100","Be","None","Winter","Tucson",44,0.00396,0.177,0.04,0.0452,0.0377,0.0345,2.16
"101","Be","None","Monsoon","Dewey-Humboldt",11,0.00362,0.124,0.016,0.0425,0.0402,0.0258,3.09
"102","Be","None","Monsoon","Globe/Miami",6,0.034,0.119,0.0534,0.0663,0.0322,0.0605,1.59
"103","Be","None","Monsoon","Hayden/Winkelman",14,0.00588,0.091,0.0277,0.0321,0.0243,0.0246,2.18
"104","Be","None","Monsoon","Tucson",17,0.00656,0.104,0.0194,0.0279,0.0226,0.0226,1.89
"105","Be","Medium","Winter","Dewey-Humboldt",8,0.0042,0.064,0.04,0.0408,0.0235,0.0304,2.71
"106","Be","Medium","Winter","Globe/Miami",35,0.0042,0.505,0.04,0.0525,0.0893,0.0299,2.65
"107","Be","Medium","Winter","Hayden/Winkelman",23,0.0019,0.144,0.04,0.0337,0.032,0.0198,3.31
"108","Be","Medium","Winter","Tucson",90,0.00063,0.511,0.018,0.0305,0.0556,0.0162,3.34
"109","Be","Medium","Monsoon","Dewey-Humboldt",3,0.00648,0.0221,0.016,0.0149,0.00787,0.0132,1.89
"110","Be","Medium","Monsoon","Globe/Miami",24,0.0099,0.593,0.0384,0.0759,0.119,0.0434,2.64
"111","Be","Medium","Monsoon","Hayden/Winkelman",9,0.0057,0.0338,0.0099,0.0137,0.00904,0.0116,1.8
"112","Be","Medium","Monsoon","Tucson",31,0.00456,0.0506,0.016,0.0193,0.0119,0.0162,1.82
"113","Be","High","Winter","Dewey-Humboldt",9,0.0016,0.064,0.018,0.0249,0.0228,0.013,4.14
"114","Be","High","Winter","Globe/Miami",30,0.0025,1.69,0.04,0.195,0.439,0.0468,4.69
"115","Be","High","Winter","Hayden/Winkelman",4,0.00412,0.238,0.052,0.0864,0.104,0.0398,5.42
"116","Be","High","Winter","Tucson",86,0.00133,0.136,0.015,0.024,0.0235,0.0143,3
"117","Be","High","Monsoon","Dewey-Humboldt",5,0.00545,0.0485,0.0255,0.0242,0.0189,0.0169,2.82
"118","Be","High","Monsoon","Globe/Miami",14,0.0158,1.36,0.0489,0.192,0.393,0.0595,3.83
"119","Be","High","Monsoon","Hayden/Winkelman",1,0.016,0.016,0.016,0.016,NA,0.016,NA
"120","Be","High","Monsoon","Tucson",39,0.0017,0.0642,0.016,0.0185,0.0117,0.0151,1.99
"121","Cd","None","Winter","Dewey-Humboldt",17,0.0127,0.0913,0.0269,0.034,0.0237,0.0287,1.74
"122","Cd","None","Winter","Globe/Miami",14,0.0071,3.8,0.145,0.395,0.983,0.139,3.6
"123","Cd","None","Winter","Hayden/Winkelman",37,0.012,1.54,0.345,0.441,0.4,0.286,2.85
"124","Cd","None","Winter","Tucson",44,0.019,0.224,0.053,0.0615,0.0413,0.0532,1.66
"125","Cd","None","Monsoon","Dewey-Humboldt",11,0.011,1.38,0.0429,0.2,0.4,0.0671,4.27
"126","Cd","None","Monsoon","Globe/Miami",6,0.025,0.754,0.426,0.38,0.282,0.231,3.85
"127","Cd","None","Monsoon","Hayden/Winkelman",14,0.128,4.65,1.14,1.38,1.23,0.919,2.76
"128","Cd","None","Monsoon","Tucson",17,0.011,0.207,0.0611,0.073,0.0581,0.0506,2.61
"129","Cd","Medium","Winter","Dewey-Humboldt",8,0.0061,0.0275,0.0165,0.0152,0.00731,0.0135,1.71
"130","Cd","Medium","Winter","Globe/Miami",35,0.02,11.7,0.0862,0.987,2.73,0.153,4.89
"131","Cd","Medium","Winter","Hayden/Winkelman",23,0.00528,3.56,0.09,0.303,0.735,0.1,4.07
"132","Cd","Medium","Winter","Tucson",90,0.00652,0.421,0.0513,0.0759,0.0741,0.0537,2.33
"133","Cd","Medium","Monsoon","Dewey-Humboldt",3,0.011,0.0485,0.025,0.0282,0.019,0.0237,2.1
"134","Cd","Medium","Monsoon","Globe/Miami",24,0.0289,10.1,0.179,0.834,2.09,0.239,4.12
"135","Cd","Medium","Monsoon","Hayden/Winkelman",9,0.0625,2.71,0.105,0.461,0.865,0.18,3.48
"136","Cd","Medium","Monsoon","Tucson",31,0.011,0.185,0.0673,0.076,0.0513,0.0584,2.2
"137","Cd","High","Winter","Dewey-Humboldt",9,0.007,0.101,0.0192,0.0325,0.0293,0.0238,2.28
"138","Cd","High","Winter","Globe/Miami",30,0.02,8.01,0.0806,0.956,2.2,0.144,5.49
"139","Cd","High","Winter","Hayden/Winkelman",4,0.0881,0.222,0.172,0.164,0.0636,0.153,1.54
"140","Cd","High","Winter","Tucson",86,0.007,0.66,0.048,0.0852,0.0988,0.0583,2.25
"141","Cd","High","Monsoon","Dewey-Humboldt",5,0.011,0.429,0.0411,0.119,0.176,0.0518,4.16
"142","Cd","High","Monsoon","Globe/Miami",14,0.042,5.39,0.253,0.944,1.78,0.295,4.24
"143","Cd","High","Monsoon","Hayden/Winkelman",1,0.306,0.306,0.306,0.306,NA,0.306,NA
"144","Cd","High","Monsoon","Tucson",39,0.011,0.427,0.06,0.082,0.0767,0.0615,2.12
"145","Co","None","Winter","Dewey-Humboldt",17,0.0059,0.365,0.0724,0.104,0.103,0.0681,2.76
"146","Co","None","Winter","Globe/Miami",14,0.0059,1.58,0.0981,0.237,0.4,0.111,3.61
"147","Co","None","Winter","Hayden/Winkelman",37,0.011,0.633,0.126,0.177,0.138,0.131,2.3
"148","Co","None","Winter","Tucson",44,0.014,0.605,0.065,0.103,0.101,0.0781,2.01
"149","Co","None","Monsoon","Dewey-Humboldt",11,0.0265,2.18,0.338,0.45,0.606,0.237,3.45
"150","Co","None","Monsoon","Globe/Miami",6,0.023,1.51,0.6,0.637,0.518,0.371,4.4
"151","Co","None","Monsoon","Hayden/Winkelman",14,0.114,2.95,0.35,0.684,0.749,0.456,2.44
"152","Co","None","Monsoon","Tucson",17,0.023,2.17,0.21,0.345,0.503,0.183,3.16
"153","Co","Medium","Winter","Dewey-Humboldt",8,0.02,0.14,0.0493,0.0636,0.0403,0.054,1.84
"154","Co","Medium","Winter","Globe/Miami",35,0.023,7.89,0.0856,0.556,1.46,0.14,3.97
"155","Co","Medium","Winter","Hayden/Winkelman",23,0.0059,0.621,0.0729,0.119,0.135,0.0731,2.85
"156","Co","Medium","Winter","Tucson",90,0.0045,2.42,0.0667,0.149,0.318,0.0732,2.84
"157","Co","Medium","Monsoon","Dewey-Humboldt",3,0.0563,0.299,0.107,0.154,0.128,0.122,2.32
"158","Co","Medium","Monsoon","Globe/Miami",24,0.042,5.04,0.412,0.828,1.11,0.434,3.19
"159","Co","Medium","Monsoon","Hayden/Winkelman",9,0.0623,0.529,0.156,0.186,0.139,0.154,1.87
"160","Co","Medium","Monsoon","Tucson",31,0.0385,3.56,0.14,0.361,0.655,0.188,2.74
"161","Co","High","Winter","Dewey-Humboldt",9,0.0045,0.622,0.0796,0.162,0.194,0.0768,4.58
"162","Co","High","Winter","Globe/Miami",30,0.0273,11.2,0.112,1.17,2.9,0.199,5.15
"163","Co","High","Winter","Hayden/Winkelman",4,0.0429,0.0705,0.0662,0.0615,0.0126,0.0603,1.26
"164","Co","High","Winter","Tucson",86,0.014,1.87,0.0707,0.149,0.267,0.0835,2.55
"165","Co","High","Monsoon","Dewey-Humboldt",5,0.0811,1.23,0.155,0.565,0.598,0.309,3.6
"166","Co","High","Monsoon","Globe/Miami",14,0.098,7.9,0.407,1.49,2.69,0.513,3.96
"167","Co","High","Monsoon","Hayden/Winkelman",1,0.159,0.159,0.159,0.159,NA,0.159,NA
"168","Co","High","Monsoon","Tucson",39,0.0366,1.86,0.179,0.415,0.49,0.229,3.01
"169","Cr","None","Winter","Dewey-Humboldt",17,0.085,7.03,0.56,1.08,1.74,0.496,3.41
"170","Cr","None","Winter","Globe/Miami",14,0.075,0.705,0.169,0.233,0.181,0.184,2.02
"171","Cr","None","Winter","Hayden/Winkelman",37,0.105,9.18,0.296,1.04,1.98,0.417,3.31
"172","Cr","None","Winter","Tucson",44,0.056,2.31,0.325,0.47,0.462,0.324,2.4
"173","Cr","None","Monsoon","Dewey-Humboldt",11,0.344,1.93,0.751,0.898,0.53,0.769,1.79
"174","Cr","None","Monsoon","Globe/Miami",6,0.179,0.753,0.3,0.345,0.207,0.308,1.64
"175","Cr","None","Monsoon","Hayden/Winkelman",14,0.106,171,0.799,13.2,45.5,0.865,6.33
"176","Cr","None","Monsoon","Tucson",17,0.299,20.8,0.819,1.93,4.86,0.824,2.63
"177","Cr","Medium","Winter","Dewey-Humboldt",8,0.0732,1.19,0.188,0.316,0.367,0.211,2.44
"178","Cr","Medium","Winter","Globe/Miami",35,0.011,4.21,0.188,0.474,0.837,0.205,3.7
"179","Cr","Medium","Winter","Hayden/Winkelman",23,0.057,1.23,0.269,0.315,0.253,0.242,2.12
"180","Cr","Medium","Winter","Tucson",90,0.0351,13.6,0.251,0.648,1.73,0.279,2.88
"181","Cr","Medium","Monsoon","Dewey-Humboldt",3,0.3,0.81,0.388,0.499,0.272,0.455,1.67
"182","Cr","Medium","Monsoon","Globe/Miami",24,0.134,1.39,0.521,0.553,0.296,0.477,1.79
"183","Cr","Medium","Monsoon","Hayden/Winkelman",9,0.071,0.54,0.25,0.262,0.133,0.231,1.77
"184","Cr","Medium","Monsoon","Tucson",31,0.0789,2.87,0.453,0.647,0.586,0.489,2.09
"185","Cr","High","Winter","Dewey-Humboldt",9,0.085,86,0.219,9.96,28.5,0.527,8.37
"186","Cr","High","Winter","Globe/Miami",30,0.011,7.24,0.306,0.88,1.42,0.362,4.12
"187","Cr","High","Winter","Hayden/Winkelman",4,0.117,0.807,0.471,0.466,0.303,0.372,2.35
"188","Cr","High","Winter","Tucson",86,0.011,11.7,0.337,0.616,1.38,0.326,2.8
"189","Cr","High","Monsoon","Dewey-Humboldt",5,0.354,0.814,0.409,0.483,0.191,0.458,1.41
"190","Cr","High","Monsoon","Globe/Miami",14,0.112,10.6,0.598,2.07,2.94,0.894,3.86
"191","Cr","High","Monsoon","Hayden/Winkelman",1,0.532,0.532,0.532,0.532,NA,0.532,NA
"192","Cr","High","Monsoon","Tucson",39,0.17,52.4,0.545,4.05,10.7,0.869,4.14
"193","Cu","None","Winter","Dewey-Humboldt",17,1.22,108,4.65,15.3,25.8,7.06,3.32
"194","Cu","None","Winter","Globe/Miami",14,0.921,225,26.8,42.9,56.9,22.8,3.64
"195","Cu","None","Winter","Hayden/Winkelman",37,1.02,425,63,79.3,78.6,53.8,2.74
"196","Cu","None","Winter","Tucson",44,1.46,906,15.6,65.4,143,23.3,3.95
"197","Cu","None","Monsoon","Dewey-Humboldt",11,1.72,26.3,9.86,11.4,7.14,9.17,2.15
"198","Cu","None","Monsoon","Globe/Miami",6,1.6,158,58.6,68.7,57.6,36.3,5.27
"199","Cu","None","Monsoon","Hayden/Winkelman",14,71.6,658,262,284,189,221,2.17
"200","Cu","None","Monsoon","Tucson",17,1.09,134,27.9,37.3,37.6,23.2,3.15
"201","Cu","Medium","Winter","Dewey-Humboldt",8,0.35,19.7,2.36,5.14,6.67,2.66,3.46
"202","Cu","Medium","Winter","Globe/Miami",35,3.68,1640,13.2,120,324,23.3,4.47
"203","Cu","Medium","Winter","Hayden/Winkelman",23,0.469,3160,31.4,209,661,30.6,7.41
"204","Cu","Medium","Winter","Tucson",90,0.237,244,20,30.7,36.9,17.1,3.46
"205","Cu","Medium","Monsoon","Dewey-Humboldt",3,2.14,10.8,2.39,5.09,4.9,3.8,2.47
"206","Cu","Medium","Monsoon","Globe/Miami",24,7.68,2740,36.4,182,551,49,3.81
"207","Cu","Medium","Monsoon","Hayden/Winkelman",9,5.25,824,30.5,165,272,57.4,4.64
"208","Cu","Medium","Monsoon","Tucson",31,4.11,96.8,19,23.2,18,18.7,1.93
"209","Cu","High","Winter","Dewey-Humboldt",9,0.238,41.5,24,18.2,15.3,7.26,6.95
"210","Cu","High","Winter","Globe/Miami",30,3.4,228,17.3,48.2,64.5,23.5,3.2
"211","Cu","High","Winter","Hayden/Winkelman",4,8.65,37.3,23.5,23.2,13.5,19.9,1.97
"212","Cu","High","Winter","Tucson",86,0.224,685,13.5,38.3,95.5,15.9,3.22
"213","Cu","High","Monsoon","Dewey-Humboldt",5,1.98,133,15.5,37.6,54.9,12.4,6.26
"214","Cu","High","Monsoon","Globe/Miami",14,12.7,253,44.6,77,74.6,50.7,2.59
"215","Cu","High","Monsoon","Hayden/Winkelman",1,87.1,87.1,87.1,87.1,NA,87.1,NA
"216","Cu","High","Monsoon","Tucson",39,6.33,261,17.7,35.6,45.1,23.1,2.38
"217","Fe","None","Winter","Dewey-Humboldt",17,4.39,262,47.8,61.8,67.9,33.6,3.39
"218","Fe","None","Winter","Globe/Miami",14,21.3,96,39.7,49.7,27.8,42.8,1.76
"219","Fe","None","Winter","Hayden/Winkelman",37,2.5,454,31,59,86.1,35.6,2.57
"220","Fe","None","Winter","Tucson",44,1.7,464,26.5,64.3,99.9,34.8,2.77
"221","Fe","None","Monsoon","Dewey-Humboldt",11,13.3,182,55.5,70.4,57.5,53.7,2.17
"222","Fe","None","Monsoon","Globe/Miami",6,10.4,1600,22.5,286,644,42.7,6.29
"223","Fe","None","Monsoon","Hayden/Winkelman",14,5.68,548,88.8,144,143,86.5,3.25
"224","Fe","None","Monsoon","Tucson",17,18.9,943,49.4,145,279,59.3,3.07
"225","Fe","Medium","Winter","Dewey-Humboldt",8,12.6,82.2,31.4,39.6,24.8,33,1.94
"226","Fe","Medium","Winter","Globe/Miami",35,8.59,404,40.4,61.9,70,43.6,2.24
"227","Fe","Medium","Winter","Hayden/Winkelman",23,7.26,324,28,45.1,64.9,28.5,2.45
"228","Fe","Medium","Winter","Tucson",90,6.22,889,30.2,46.7,93.3,31.5,2.1
"229","Fe","Medium","Monsoon","Dewey-Humboldt",3,13.6,64,25.5,34.4,26.4,28.1,2.18
"230","Fe","Medium","Monsoon","Globe/Miami",24,7.7,858,50.7,93.9,173,48.8,2.81
"231","Fe","Medium","Monsoon","Hayden/Winkelman",9,5.65,129,48.6,54.5,45.3,33.9,3.24
"232","Fe","Medium","Monsoon","Tucson",31,3.13,609,59.3,106,135,55.3,3.47
"233","Fe","High","Winter","Dewey-Humboldt",9,10.1,442,19,79,140,33,3.45
"234","Fe","High","Winter","Globe/Miami",30,5.56,283,35.3,54,60.7,33.2,2.72
"235","Fe","High","Winter","Hayden/Winkelman",4,3.92,24.2,10.3,12.2,8.73,9.93,2.14
"236","Fe","High","Winter","Tucson",86,1.7,218,36,51.9,45.4,35.5,2.54
"237","Fe","High","Monsoon","Dewey-Humboldt",5,9.96,455,249,201,189,87.8,5.9
"238","Fe","High","Monsoon","Globe/Miami",14,8.42,687,42.6,93.6,175,44.7,3
"239","Fe","High","Monsoon","Hayden/Winkelman",1,96.7,96.7,96.7,96.7,NA,96.7,NA
"240","Fe","High","Monsoon","Tucson",39,4.2,1640,73.7,190,310,80.6,3.65
"241","Mn","None","Winter","Dewey-Humboldt",17,0.212,14.5,2.8,4.05,4.08,2.29,3.32
"242","Mn","None","Winter","Globe/Miami",14,0.149,41.7,7.12,11.1,11.8,5.89,4.1
"243","Mn","None","Winter","Hayden/Winkelman",37,0.411,35.1,8.19,10.3,8.85,6.72,2.84
"244","Mn","None","Winter","Tucson",44,0.273,87.7,2.64,8.18,14.9,3.55,3.37
"245","Mn","None","Monsoon","Dewey-Humboldt",11,0.703,192,9.82,41.2,64.1,11.2,6.23
"246","Mn","None","Monsoon","Globe/Miami",6,0.231,368,45.9,105,139,28.5,13.1
"247","Mn","None","Monsoon","Hayden/Winkelman",14,1.66,248,25.1,54.8,64.7,30.2,3.5
"248","Mn","None","Monsoon","Tucson",17,0.345,217,9.63,33.3,54.8,8.81,6.48
"249","Mn","Medium","Winter","Dewey-Humboldt",8,0.423,10.8,1.81,2.8,3.27,1.9,2.42
"250","Mn","Medium","Winter","Globe/Miami",35,1.02,612,5.82,36.7,110,7.2,4.76
"251","Mn","Medium","Winter","Hayden/Winkelman",23,0.168,33,4.51,7.62,9.08,3.25,4.88
"252","Mn","Medium","Winter","Tucson",90,0.0668,378,2.44,11.8,43.4,2.56,4.34
"253","Mn","Medium","Monsoon","Dewey-Humboldt",3,4.62,23.7,13.8,14,9.56,11.5,2.3
"254","Mn","Medium","Monsoon","Globe/Miami",24,1.52,450,37.8,79.2,105,36.8,4.03
"255","Mn","Medium","Monsoon","Hayden/Winkelman",9,3.98,28.7,13,12.7,7.44,10.9,1.85
"256","Mn","Medium","Monsoon","Tucson",31,0.928,471,15.4,42.3,85.3,12.6,5.37
"257","Mn","High","Winter","Dewey-Humboldt",9,0.13,17.4,5.14,7.25,6.99,2.67,7.13
"258","Mn","High","Winter","Globe/Miami",30,0.408,291,3.34,34.7,74.6,5.47,6.7
"259","Mn","High","Winter","Hayden/Winkelman",4,1.23,9.53,4.22,4.8,3.56,3.75,2.38
"260","Mn","High","Winter","Tucson",86,0.0787,94.5,3.17,6.73,12.4,2.97,3.58
"261","Mn","High","Monsoon","Dewey-Humboldt",5,2.23,313,8.47,85.7,134,19.5,8.22
"262","Mn","High","Monsoon","Globe/Miami",14,10.4,334,33,76.9,92,45,2.84
"263","Mn","High","Monsoon","Hayden/Winkelman",1,10.9,10.9,10.9,10.9,NA,10.9,NA
"264","Mn","High","Monsoon","Tucson",39,0.422,207,15.6,43.9,55.5,15.7,5.19
"265","Mo","None","Winter","Dewey-Humboldt",17,0.0258,2.56,0.127,0.338,0.629,0.152,3.07
"266","Mo","None","Winter","Globe/Miami",14,0.145,1.46,0.363,0.49,0.353,0.396,1.96
"267","Mo","None","Winter","Hayden/Winkelman",37,0.158,17.9,1.84,2.54,3.06,1.68,2.48
"268","Mo","None","Winter","Tucson",44,0.109,4.6,2.17,2.31,1.04,2.03,1.83
"269","Mo","None","Monsoon","Dewey-Humboldt",11,0.12,11.7,0.421,1.68,3.42,0.567,3.81
"270","Mo","None","Monsoon","Globe/Miami",6,0.292,2.22,0.69,0.968,0.781,0.727,2.31
"271","Mo","None","Monsoon","Hayden/Winkelman",14,0.662,17.1,3.76,4.98,4.47,3.45,2.56
"272","Mo","None","Monsoon","Tucson",17,0.38,11.8,3.12,4.06,3.09,2.88,2.64
"273","Mo","Medium","Winter","Dewey-Humboldt",8,0.0183,0.243,0.0916,0.107,0.071,0.086,2.18
"274","Mo","Medium","Winter","Globe/Miami",35,0.066,5.48,0.304,0.543,0.96,0.332,2.26
"275","Mo","Medium","Winter","Hayden/Winkelman",23,0.113,11.1,0.944,2.14,2.9,1.06,3.42
"276","Mo","Medium","Winter","Tucson",90,0.0078,7.58,2.29,2.42,1.47,1.87,2.57
"277","Mo","Medium","Monsoon","Dewey-Humboldt",3,0.138,0.274,0.145,0.186,0.0766,0.177,1.47
"278","Mo","Medium","Monsoon","Globe/Miami",24,0.361,4.77,0.663,1.22,1.11,0.892,2.15
"279","Mo","Medium","Monsoon","Hayden/Winkelman",9,0.427,5.94,1.08,2.53,2.39,1.56,2.93
"280","Mo","Medium","Monsoon","Tucson",31,1.51,13.9,4.26,4.54,2.53,4,1.66
"281","Mo","High","Winter","Dewey-Humboldt",9,0.016,11,0.176,1.4,3.61,0.209,6.03
"282","Mo","High","Winter","Globe/Miami",30,0.0938,4.71,0.408,0.732,0.968,0.465,2.38
"283","Mo","High","Winter","Hayden/Winkelman",4,0.354,1.14,0.695,0.721,0.341,0.658,1.66
"284","Mo","High","Winter","Tucson",86,0.168,20.2,1.67,2.87,3.77,1.85,2.37
"285","Mo","High","Monsoon","Dewey-Humboldt",5,0.095,0.989,0.133,0.338,0.377,0.223,2.63
"286","Mo","High","Monsoon","Globe/Miami",14,0.448,3.23,0.781,1.14,0.867,0.938,1.83
"287","Mo","High","Monsoon","Hayden/Winkelman",1,2.69,2.69,2.69,2.69,NA,2.69,NA
"288","Mo","High","Monsoon","Tucson",39,0.62,37.9,3.62,5.62,7.22,3.54,2.51
"289","Ni","None","Winter","Dewey-Humboldt",17,0.21,3.45,0.693,0.937,0.858,0.696,2.15
"290","Ni","None","Winter","Globe/Miami",14,0.0841,221,0.594,16.3,59,0.704,6.05
"291","Ni","None","Winter","Hayden/Winkelman",37,0.168,1.92,0.452,0.534,0.338,0.464,1.67
"292","Ni","None","Winter","Tucson",44,0.229,2.72,0.531,0.694,0.5,0.573,1.83
"293","Ni","None","Monsoon","Dewey-Humboldt",11,0.526,10.7,2.39,3.25,3.03,2.32,2.36
"294","Ni","None","Monsoon","Globe/Miami",6,0.185,3.79,1.19,1.52,1.23,1.1,2.72
"295","Ni","None","Monsoon","Hayden/Winkelman",14,0.408,4.46,1.96,1.9,1.34,1.42,2.36
"296","Ni","None","Monsoon","Tucson",17,0.175,11,1.12,2.19,2.85,1.28,2.77
"297","Ni","Medium","Winter","Dewey-Humboldt",8,0.247,0.837,0.428,0.446,0.177,0.42,1.43
"298","Ni","Medium","Winter","Globe/Miami",35,0.189,466,0.469,15.4,78.5,0.816,5.33
"299","Ni","Medium","Winter","Hayden/Winkelman",23,0.083,1.72,0.458,0.547,0.366,0.439,2.05
"300","Ni","Medium","Winter","Tucson",90,0.0611,7.12,0.538,0.981,1.13,0.651,2.4
"301","Ni","Medium","Monsoon","Dewey-Humboldt",3,0.558,1.52,0.771,0.948,0.503,0.867,1.66
"302","Ni","Medium","Monsoon","Globe/Miami",24,0.547,68.8,1.7,5.11,13.7,2.07,2.79
"303","Ni","Medium","Monsoon","Hayden/Winkelman",9,0.336,1.25,0.908,0.82,0.302,0.759,1.56
"304","Ni","Medium","Monsoon","Tucson",31,0.37,5.26,1.16,1.54,1.08,1.28,1.82
"305","Ni","High","Winter","Dewey-Humboldt",9,0.0571,59.7,0.384,7,19.7,0.536,7.31
"306","Ni","High","Winter","Globe/Miami",30,0.118,24.8,0.638,3.35,6.54,0.927,4.36
"307","Ni","High","Winter","Hayden/Winkelman",4,0.13,0.317,0.237,0.23,0.0818,0.218,1.48
"308","Ni","High","Winter","Tucson",86,0.13,10.2,0.723,1.22,1.76,0.766,2.36
"309","Ni","High","Monsoon","Dewey-Humboldt",5,0.299,4.29,2.58,2.12,1.74,1.32,3.48
"310","Ni","High","Monsoon","Globe/Miami",14,0.611,18.6,2.13,4.28,5.75,2.29,3
"311","Ni","High","Monsoon","Hayden/Winkelman",1,0.95,0.95,0.95,0.95,NA,0.95,NA
"312","Ni","High","Monsoon","Tucson",39,0.447,17.4,1.25,2.71,3.6,1.64,2.51
"313","Pb","None","Winter","Dewey-Humboldt",17,0.0831,3.74,0.212,0.859,1.05,0.392,3.8
"314","Pb","None","Winter","Globe/Miami",14,0.0834,2.08,0.782,0.851,0.566,0.679,2.18
"315","Pb","None","Winter","Hayden/Winkelman",37,0.0554,19.3,1,1.82,3.14,1,2.96
"316","Pb","None","Winter","Tucson",44,0.0754,52.1,0.985,3.2,8.03,1.07,3.95
"317","Pb","None","Monsoon","Dewey-Humboldt",11,0.0142,1.14,0.179,0.421,0.42,0.229,3.74
"318","Pb","None","Monsoon","Globe/Miami",6,0.0355,2.87,1.53,1.42,1.17,0.68,5.77
"319","Pb","None","Monsoon","Hayden/Winkelman",14,0.203,23.6,5.76,8.57,8.26,4.55,3.94
"320","Pb","None","Monsoon","Tucson",17,0.0806,264,0.809,17.5,63.7,1.12,6.83
"321","Pb","Medium","Winter","Dewey-Humboldt",8,0.0394,0.221,0.153,0.142,0.0616,0.127,1.76
"322","Pb","Medium","Winter","Globe/Miami",35,0.078,4.4,0.534,0.967,0.993,0.567,3.02
"323","Pb","Medium","Winter","Hayden/Winkelman",23,0.0319,13.4,0.393,1.32,2.92,0.416,4.07
"324","Pb","Medium","Winter","Tucson",90,0.013,22.2,0.586,2.01,4.15,0.659,4.2
"325","Pb","Medium","Monsoon","Dewey-Humboldt",3,0.128,0.583,0.136,0.282,0.26,0.216,2.36
"326","Pb","Medium","Monsoon","Globe/Miami",24,0.0767,15.6,0.908,2.98,4.57,0.985,4.87
"327","Pb","Medium","Monsoon","Hayden/Winkelman",9,0.193,20.8,0.371,4.09,7.65,0.784,5.83
"328","Pb","Medium","Monsoon","Tucson",31,0.0712,6.29,0.949,1.37,1.51,0.739,3.46
"329","Pb","High","Winter","Dewey-Humboldt",9,0.0263,2.92,0.846,1.17,1.08,0.531,5.33
"330","Pb","High","Winter","Globe/Miami",30,0.0785,5.1,0.402,1.03,1.47,0.48,3.28
"331","Pb","High","Winter","Hayden/Winkelman",4,0.219,0.73,0.454,0.464,0.247,0.412,1.78
"332","Pb","High","Winter","Tucson",86,0.0377,350,0.493,5.42,37.8,0.528,4.33
"333","Pb","High","Monsoon","Dewey-Humboldt",5,0.261,3.18,0.613,1.22,1.25,0.762,3
"334","Pb","High","Monsoon","Globe/Miami",14,0.156,27.2,0.442,4.36,8.01,0.928,5.87
"335","Pb","High","Monsoon","Hayden/Winkelman",1,0.924,0.924,0.924,0.924,NA,0.924,NA
"336","Pb","High","Monsoon","Tucson",39,0.0484,75.4,1.26,4.45,12.3,1.17,4.71
"337","Sb","None","Winter","Dewey-Humboldt",17,0.135,0.848,0.25,0.335,0.216,0.287,1.73
"338","Sb","None","Winter","Globe/Miami",14,0.12,1.82,0.506,0.624,0.432,0.508,1.98
"339","Sb","None","Winter","Hayden/Winkelman",37,0.183,4.67,0.677,0.887,0.791,0.704,1.92
"340","Sb","None","Winter","Tucson",44,0.379,9.78,0.663,1.11,1.79,0.774,1.89
"341","Sb","None","Monsoon","Dewey-Humboldt",11,0.318,0.921,0.493,0.498,0.162,0.479,1.33
"342","Sb","None","Monsoon","Globe/Miami",6,0.285,0.728,0.491,0.533,0.168,0.509,1.41
"343","Sb","None","Monsoon","Hayden/Winkelman",14,0.318,6.73,1.45,2.33,2.1,1.65,2.39
"344","Sb","None","Monsoon","Tucson",17,0.413,13.4,0.814,1.64,3.07,0.965,2.25
"345","Sb","Medium","Winter","Dewey-Humboldt",8,0.146,1.38,0.353,0.489,0.392,0.392,1.98
"346","Sb","Medium","Winter","Globe/Miami",35,0.161,1.46,0.419,0.574,0.368,0.475,1.86
"347","Sb","Medium","Winter","Hayden/Winkelman",23,0.16,2.76,0.478,0.692,0.649,0.514,2.11
"348","Sb","Medium","Winter","Tucson",90,0.11,2.42,0.583,0.69,0.459,0.578,1.82
"349","Sb","Medium","Monsoon","Dewey-Humboldt",3,0.306,0.864,0.523,0.564,0.282,0.517,1.68
"350","Sb","Medium","Monsoon","Globe/Miami",24,0.197,4.42,0.659,1.04,1.09,0.757,2.12
"351","Sb","Medium","Monsoon","Hayden/Winkelman",9,0.232,9.15,1.54,2.12,2.81,1.14,3.26
"352","Sb","Medium","Monsoon","Tucson",31,0.279,8.16,0.65,1.2,1.73,0.792,2.15
"353","Sb","High","Winter","Dewey-Humboldt",9,0.106,2.56,0.487,0.623,0.752,0.407,2.52
"354","Sb","High","Winter","Globe/Miami",30,0.136,1.28,0.437,0.499,0.312,0.419,1.84
"355","Sb","High","Winter","Hayden/Winkelman",4,0.198,0.594,0.346,0.371,0.165,0.344,1.57
"356","Sb","High","Winter","Tucson",86,0.161,5.35,0.613,0.851,0.904,0.621,2.09
"357","Sb","High","Monsoon","Dewey-Humboldt",5,0.21,0.747,0.532,0.514,0.194,0.475,1.62
"358","Sb","High","Monsoon","Globe/Miami",14,0.196,0.841,0.397,0.438,0.207,0.394,1.62
"359","Sb","High","Monsoon","Hayden/Winkelman",1,0.98,0.98,0.98,0.98,NA,0.98,NA
"360","Sb","High","Monsoon","Tucson",39,0.292,2.38,0.614,0.775,0.491,0.658,1.75
"361","Se","None","Winter","Dewey-Humboldt",17,0.16,4.97,1.24,1.66,1.21,1.29,2.22
"362","Se","None","Winter","Globe/Miami",14,0.28,7.43,1.4,1.87,1.75,1.43,2.09
"363","Se","None","Winter","Hayden/Winkelman",37,0.296,6.16,1.6,1.99,1.44,1.6,1.93
"364","Se","None","Winter","Tucson",44,0.78,1.6,1.51,1.32,0.319,1.28,1.31
"365","Se","None","Monsoon","Dewey-Humboldt",11,0.701,11.7,3,3.95,2.85,3.24,1.96
"366","Se","None","Monsoon","Globe/Miami",6,0.373,3,0.727,1.28,1.09,0.959,2.27
"367","Se","None","Monsoon","Hayden/Winkelman",14,0.8,8.96,2.55,3.23,2.25,2.65,1.92
"368","Se","None","Monsoon","Tucson",17,0.564,7.87,2.3,2.65,1.72,2.17,2.01
"369","Se","Medium","Winter","Dewey-Humboldt",8,0.917,3.19,1.35,1.53,0.728,1.41,1.48
"370","Se","Medium","Winter","Globe/Miami",35,0.26,5.8,1.16,1.69,1.42,1.27,2.13
"371","Se","Medium","Winter","Hayden/Winkelman",23,0.317,4.53,1.1,1.5,1.11,1.2,1.99
"372","Se","Medium","Winter","Tucson",90,0.16,11.6,1.16,1.55,1.61,1.11,2.31
"373","Se","Medium","Monsoon","Dewey-Humboldt",3,0.19,3,2.3,1.83,1.46,1.09,4.58
"374","Se","Medium","Monsoon","Globe/Miami",24,0.25,7.42,2.3,2.32,1.83,1.59,2.64
"375","Se","Medium","Monsoon","Hayden/Winkelman",9,0.25,4.8,1.14,1.81,1.56,1.21,2.76
"376","Se","Medium","Monsoon","Tucson",31,0.25,8.25,2.53,2.43,1.84,1.68,2.64
"377","Se","High","Winter","Dewey-Humboldt",9,0.28,7.34,1.3,1.89,2.11,1.31,2.39
"378","Se","High","Winter","Globe/Miami",30,0.16,5.82,1.11,1.66,1.54,1.13,2.58
"379","Se","High","Winter","Hayden/Winkelman",4,0.408,1.6,1.3,1.15,0.543,1.02,1.88
"380","Se","High","Winter","Tucson",86,0.16,11.2,1.34,1.76,1.79,1.15,2.64
"381","Se","High","Monsoon","Dewey-Humboldt",5,0.25,3,0.606,1.33,1.24,0.874,2.89
"382","Se","High","Monsoon","Globe/Miami",14,0.25,4.8,1.5,2.02,1.69,1.28,2.98
"383","Se","High","Monsoon","Hayden/Winkelman",1,3,3,3,3,NA,3,NA
"384","Se","High","Monsoon","Tucson",39,0.19,12.6,3,3.08,2.33,2.11,2.81
"385","Sn","None","Winter","Dewey-Humboldt",17,0.011,2.47,0.0394,0.278,0.606,0.068,4.99
"386","Sn","None","Winter","Globe/Miami",14,0.0153,0.139,0.037,0.048,0.0347,0.0393,1.89
"387","Sn","None","Winter","Hayden/Winkelman",37,0.00828,0.776,0.0504,0.116,0.164,0.0571,3.32
"388","Sn","None","Winter","Tucson",44,0.015,0.752,0.0886,0.155,0.178,0.0946,2.66
"389","Sn","None","Monsoon","Dewey-Humboldt",11,0.0174,0.43,0.0841,0.131,0.126,0.084,2.84
"390","Sn","None","Monsoon","Globe/Miami",6,0.0291,0.105,0.0903,0.0794,0.0277,0.0735,1.61
"391","Sn","None","Monsoon","Hayden/Winkelman",14,0.0282,1.01,0.129,0.185,0.246,0.121,2.39
"392","Sn","None","Monsoon","Tucson",17,0.0335,0.513,0.203,0.191,0.12,0.156,2
"393","Sn","Medium","Winter","Dewey-Humboldt",8,0.011,1.03,0.037,0.178,0.349,0.06,4.11
"394","Sn","Medium","Winter","Globe/Miami",35,0.011,80.7,0.0623,2.4,13.6,0.0763,4.34
"395","Sn","Medium","Winter","Hayden/Winkelman",23,0.00196,2.94,0.0366,0.268,0.643,0.0528,5.96
"396","Sn","Medium","Winter","Tucson",90,0.011,1.76,0.0926,0.151,0.226,0.087,2.74
"397","Sn","Medium","Monsoon","Dewey-Humboldt",3,0.0173,0.211,0.137,0.122,0.0977,0.0795,3.8
"398","Sn","Medium","Monsoon","Globe/Miami",24,0.0455,13.9,0.192,1.36,3.85,0.246,4.1
"399","Sn","Medium","Monsoon","Hayden/Winkelman",9,0.0243,6.35,0.138,0.818,2.07,0.156,4.89
"400","Sn","Medium","Monsoon","Tucson",31,0.0272,1,0.201,0.27,0.256,0.181,2.54
"401","Sn","High","Winter","Dewey-Humboldt",9,0.024,0.187,0.0474,0.0652,0.0529,0.0516,2
"402","Sn","High","Winter","Globe/Miami",30,0.00092,6.02,0.0667,0.344,1.1,0.0736,5.22
"403","Sn","High","Winter","Hayden/Winkelman",4,0.0194,0.044,0.0286,0.0301,0.0103,0.0288,1.4
"404","Sn","High","Winter","Tucson",86,0.011,1.4,0.0683,0.165,0.236,0.0909,2.81
"405","Sn","High","Monsoon","Dewey-Humboldt",5,0.0333,0.461,0.123,0.17,0.167,0.12,2.54
"406","Sn","High","Monsoon","Globe/Miami",14,0.0201,3.85,0.102,0.457,1.01,0.146,3.92
"407","Sn","High","Monsoon","Hayden/Winkelman",1,0.0456,0.0456,0.0456,0.0456,NA,0.0456,NA
"408","Sn","High","Monsoon","Tucson",39,0.018,3.21,0.151,0.474,0.684,0.209,3.7
"409","V","None","Winter","Dewey-Humboldt",17,0.145,4.9,1.4,1.63,1.12,1.25,2.34
"410","V","None","Winter","Globe/Miami",14,0.417,4.45,1.13,1.23,1.02,0.988,1.92
"411","V","None","Winter","Hayden/Winkelman",37,0.173,17.5,1.17,1.71,2.79,1.16,2.12
"412","V","None","Winter","Tucson",44,0.63,5.12,1.4,1.79,0.958,1.59,1.61
"413","V","None","Monsoon","Dewey-Humboldt",11,1.97,9.73,6.08,5.69,3.06,4.82,1.89
"414","V","None","Monsoon","Globe/Miami",6,0.465,1.1,0.734,0.74,0.246,0.705,1.41
"415","V","None","Monsoon","Hayden/Winkelman",14,0.58,9.98,3.55,3.75,2.84,2.68,2.48
"416","V","None","Monsoon","Tucson",17,1.1,9.13,3.35,3.94,2.32,3.29,1.91
"417","V","Medium","Winter","Dewey-Humboldt",8,0.44,2.06,1.4,1.3,0.556,1.16,1.7
"418","V","Medium","Winter","Globe/Miami",35,0.276,13.2,0.846,1.51,2.18,1.02,2.16
"419","V","Medium","Winter","Hayden/Winkelman",23,0.443,4.8,1.68,1.91,1.07,1.63,1.82
"420","V","Medium","Winter","Tucson",90,0.301,18.3,1.67,2.39,2.5,1.67,2.31
"421","V","Medium","Monsoon","Dewey-Humboldt",3,4.05,6.02,5.9,5.32,1.1,5.24,1.25
"422","V","Medium","Monsoon","Globe/Miami",24,0.66,9.82,3.2,3.63,2.6,2.76,2.22
"423","V","Medium","Monsoon","Hayden/Winkelman",9,0.527,7.99,2.17,3.31,2.89,2.27,2.6
"424","V","Medium","Monsoon","Tucson",31,0.799,6.75,2.69,3.32,1.91,2.76,1.9
"425","V","High","Winter","Dewey-Humboldt",9,0.59,4.51,1.4,1.9,1.61,1.39,2.29
"426","V","High","Winter","Globe/Miami",30,0.176,8.06,1.09,1.44,1.44,1.05,2.24
"427","V","High","Winter","Hayden/Winkelman",4,0.861,3.37,1.55,1.83,1.08,1.62,1.76
"428","V","High","Winter","Tucson",86,0.23,27,1.67,2.62,3.8,1.65,2.47
"429","V","High","Monsoon","Dewey-Humboldt",5,0.672,5.11,2.19,2.5,1.83,1.93,2.32
"430","V","High","Monsoon","Globe/Miami",14,0.95,5.76,2.56,3.02,1.48,2.68,1.69
"431","V","High","Monsoon","Hayden/Winkelman",1,5.26,5.26,5.26,5.26,NA,5.26,NA
"432","V","High","Monsoon","Tucson",39,0.49,29,3.13,4.64,5.31,3.01,2.54
"433","Zn","None","Winter","Dewey-Humboldt",17,6.42,391,35.4,89.5,120,46.3,3.09
"434","Zn","None","Winter","Globe/Miami",14,21.5,216,104,115,59.6,97.7,1.89
"435","Zn","None","Winter","Hayden/Winkelman",37,6.54,1280,74.3,236,338,98.8,3.78
"436","Zn","None","Winter","Tucson",44,6.9,2340,103,245,420,115,3.23
"437","Zn","None","Monsoon","Dewey-Humboldt",11,10.7,663,52.6,185,259,73,4.09
"438","Zn","None","Monsoon","Globe/Miami",6,7.22,353,266,210,153,113,4.93
"439","Zn","None","Monsoon","Hayden/Winkelman",14,12.6,8450,109,836,2210,162,5.66
"440","Zn","None","Monsoon","Tucson",17,5.74,8510,231,1310,2230,277,7.84
"441","Zn","Medium","Winter","Dewey-Humboldt",8,5.37,669,21.5,175,296,35.2,6.57
"442","Zn","Medium","Winter","Globe/Miami",35,11.1,2590,58.4,406,714,99,5.46
"443","Zn","Medium","Winter","Hayden/Winkelman",23,5.95,541,22.1,84.9,148,30.6,3.94
"444","Zn","Medium","Winter","Tucson",90,2.4,7630,80.2,368,1190,89.5,4.08
"445","Zn","Medium","Monsoon","Dewey-Humboldt",3,6.82,24.8,8.22,13.3,10,11.2,2.01
"446","Zn","Medium","Monsoon","Globe/Miami",24,8.23,4170,206,577,1070,175,5.42
"447","Zn","Medium","Monsoon","Hayden/Winkelman",9,7.84,293,35.5,76.4,92.5,42.5,3.15
"448","Zn","Medium","Monsoon","Tucson",31,9.46,6100,99.6,348,1090,98.9,3.69
"449","Zn","High","Winter","Dewey-Humboldt",9,1.4,639,86.8,219,252,66.5,8.3
"450","Zn","High","Winter","Globe/Miami",30,3.94,806,91.4,169,201,66.4,4.92
"451","Zn","High","Winter","Hayden/Winkelman",4,43.4,58.5,49.4,50.2,6.27,49.9,1.13
"452","Zn","High","Winter","Tucson",86,2.56,13300,111,514,1600,142,3.97
"453","Zn","High","Monsoon","Dewey-Humboldt",5,21.8,3640,85,772,1600,108,8.02
"454","Zn","High","Monsoon","Globe/Miami",14,12,1100,182,278,347,127,4.24
"455","Zn","High","Monsoon","Hayden/Winkelman",1,63.7,63.7,63.7,63.7,NA,63.7,NA
"456","Zn","High","Monsoon","Tucson",39,10.3,12700,136,863,2570,147,4.82
