"","analyte","site","n","AI","DW","FB","LDW","PB"
"1","Al","D302",2,0,0,NA,0,NA
"2","Al","D303",2,0,100,NA,0,NA
"3","Al","D304",1,0,0,NA,0,NA
"4","Al","D305",6,0,33,NA,0,NA
"5","Al","D306",1,0,100,NA,0,NA
"6","Al","D307",3,0,0,NA,0,NA
"7","Al","D308",6,0,50,NA,0,NA
"8","Al","D309",3,0,0,NA,0,NA
"9","Al","D310",1,0,100,NA,0,NA
"10","Al","D311",4,0,25,NA,0,NA
"11","Al","D312",2,0,0,NA,0,NA
"12","Al","D315",2,0,0,NA,0,NA
"13","Al","D316",2,0,0,NA,0,NA
"14","Al","D317",6,0,0,NA,0,NA
"15","Al","D319",2,0,0,NA,0,NA
"16","Al","D321",6,0,0,NA,0,NA
"17","Al","D325",2,0,50,NA,0,NA
"18","Al","D326",2,0,50,NA,0,NA
"19","Al","G400",6,0,33,NA,0,NA
"20","Al","G401",5,0,80,NA,0,NA
"21","Al","G402",7,0,43,NA,0,NA
"22","Al","G403",6,0,0,NA,0,NA
"23","Al","G404",5,0,60,NA,0,NA
"24","Al","G405",5,0,60,NA,0,NA
"25","Al","G407",5,0,40,NA,0,NA
"26","Al","G408",2,0,50,NA,0,NA
"27","Al","G409",2,0,50,NA,0,NA
"28","Al","G410",5,0,40,NA,0,NA
"29","Al","G412",6,0,33,NA,0,NA
"30","Al","G413",6,0,50,NA,0,NA
"31","Al","G414",6,0,17,NA,0,NA
"32","Al","G415",6,0,50,NA,0,NA
"33","Al","G416",4,0,75,NA,0,NA
"34","Al","G417",5,0,100,NA,0,NA
"35","Al","G418",5,0,100,NA,0,NA
"36","Al","G419",3,0,100,NA,0,NA
"37","Al","G420",5,0,60,NA,0,NA
"38","Al","G422",5,0,20,NA,0,NA
"39","Al","G424",4,0,50,NA,0,NA
"40","Al","G425",4,0,100,NA,0,NA
"41","Al","G426",5,0,20,NA,0,NA
"42","Al","G427",5,0,20,NA,0,NA
"43","Al","G428",5,20,100,NA,20,NA
"44","Al","G429",1,0,100,NA,0,NA
"45","Al","H203",5,0,20,NA,0,NA
"46","Al","H204",5,0,0,NA,0,NA
"47","Al","H205",3,0,0,NA,0,NA
"48","Al","H206",6,0,33,NA,0,NA
"49","Al","H208",7,0,0,NA,0,NA
"50","Al","H209",5,0,0,NA,0,NA
"51","Al","H210",6,0,67,NA,0,NA
"52","Al","H211",4,0,25,NA,0,NA
"53","Al","H212",2,0,0,NA,0,NA
"54","Al","H213",4,0,25,NA,0,NA
"55","Al","H214",5,0,20,NA,0,NA
"56","Al","H215",5,0,40,NA,0,NA
"57","Al","H216",5,0,60,NA,0,NA
"58","Al","H217",5,0,80,NA,0,NA
"59","Al","H218",4,0,75,NA,0,NA
"60","Al","H219",4,0,25,NA,0,NA
"61","Al","H220",5,0,40,NA,0,NA
"62","Al","H221",6,0,33,NA,0,NA
"63","Al","H224",1,0,0,NA,0,NA
"64","Al","H225",1,0,100,NA,0,NA
"65","Al","T002",2,0,50,NA,0,NA
"66","Al","T006",1,0,0,NA,0,NA
"67","Al","T008",2,0,0,NA,0,NA
"68","Al","T009",2,0,0,NA,0,NA
"69","Al","T010",2,0,0,NA,0,NA
"70","Al","T013",1,0,0,NA,0,NA
"71","Al","T014",2,0,0,NA,0,NA
"72","Al","T015",2,0,50,NA,0,NA
"73","Al","T016",1,0,0,NA,0,NA
"74","Al","T018",2,0,100,NA,0,NA
"75","Al","T019",2,0,0,NA,0,NA
"76","Al","T020",2,0,0,NA,0,NA
"77","Al","T022",2,0,0,NA,0,NA
"78","Al","T023",2,0,0,NA,0,NA
"79","Al","T024",2,0,100,NA,0,NA
"80","Al","T025",2,0,50,NA,0,NA
"81","Al","T029",2,0,0,NA,0,NA
"82","Al","T033",1,0,0,NA,0,NA
"83","Al","T034",2,0,0,NA,0,NA
"84","Al","T035",2,0,0,NA,0,NA
"85","Al","T036",2,0,0,NA,0,NA
"86","Al","T037",1,0,100,NA,0,NA
"87","Al","T038",2,0,0,NA,0,NA
"88","Al","T039",2,0,0,NA,0,NA
"89","Al","T040",2,0,50,NA,0,NA
"90","Al","T041",1,0,0,NA,0,NA
"91","Al","T044",2,0,0,NA,0,NA
"92","Al","T046",2,0,0,NA,0,NA
"93","Al","T047",2,0,0,NA,0,NA
"94","Al","T048",1,0,0,NA,0,NA
"95","Al","T101",6,0,50,NA,0,NA
"96","Al","T102",6,0,83,NA,0,NA
"97","Al","T104",4,0,25,NA,0,NA
"98","Al","T105",1,0,0,NA,0,NA
"99","Al","T106",4,0,25,NA,0,NA
"100","Al","T107",4,0,25,NA,0,NA
"101","Al","T108",1,0,0,NA,0,NA
"102","Al","T109",6,0,33,NA,0,NA
"103","Al","T110",4,0,50,NA,0,NA
"104","Al","T111",4,0,25,NA,0,NA
"105","Al","T112",3,0,100,NA,0,NA
"106","Al","T113",6,0,0,NA,0,NA
"107","Al","T114",5,0,0,NA,0,NA
"108","Al","T115",1,0,0,NA,0,NA
"109","Al","T116",4,0,25,NA,0,NA
"110","Al","T117",5,0,80,NA,0,NA
"111","Al","T118",2,0,0,NA,0,NA
"112","Al","T119",1,0,0,NA,0,NA
"113","Al","T120",4,0,0,NA,0,NA
"114","Al","T121",6,0,17,NA,0,NA
"115","Al","T122",6,0,17,NA,0,NA
"116","Al","T123",4,0,0,NA,0,NA
"117","Al","T127",3,0,33,NA,0,NA
"118","Al","T128",6,0,50,NA,0,NA
"119","Al","T129",2,0,0,NA,0,NA
"120","Al","T132",4,0,25,NA,0,NA
"121","Al","T133",2,0,100,NA,0,NA
"122","Al","T134",1,0,0,NA,0,NA
"123","Al","T135",1,0,100,NA,0,NA
"124","Al","T137",3,0,33,NA,0,NA
"125","Al","T138",5,0,20,NA,0,NA
"126","Al","T141",5,0,40,NA,0,NA
"127","Al","T142",3,0,67,NA,0,NA
"128","Al","T143",5,0,60,NA,0,NA
"129","Al","T144",2,0,0,NA,0,NA
"130","Al","T146",3,0,33,NA,0,NA
"131","Al","T149",1,0,100,NA,0,NA
"132","Al","T150",2,0,0,NA,0,NA
"133","Al","T151",1,0,100,NA,0,NA
"134","Al","T152",4,0,50,NA,0,NA
"135","Al","T153",4,0,0,NA,0,NA
"136","Al","T154",6,0,0,NA,0,NA
"137","Al","T155",1,0,100,NA,0,NA
"138","Al","T156",6,0,0,NA,0,NA
"139","Al","T157",5,0,60,NA,0,NA
"140","Al","T158",4,0,50,NA,0,NA
"141","Al","T159",5,0,20,NA,0,NA
"142","Al","T160",5,0,0,NA,0,NA
"143","Al","T161",4,0,75,NA,0,NA
"144","Al","T162",3,0,67,NA,0,NA
"145","Al","T163",6,0,0,NA,0,NA
"146","Al","T164",4,0,0,NA,0,NA
"147","Al","T166",4,0,0,NA,0,NA
"148","Al","T169",6,0,33,NA,0,NA
"149","Al","T170",3,0,67,NA,0,NA
"150","Al","T172",4,0,0,NA,0,NA
"151","Al","T178",4,0,0,NA,0,NA
"152","Al","T180",1,0,0,NA,0,NA
"153","Al","T181",2,0,50,NA,0,NA
"154","Al","T182",3,0,67,NA,0,NA
"155","Al","T183",3,0,100,NA,0,NA
"156","Al","T187",5,0,40,NA,0,NA
"157","Al","T188",5,0,40,NA,0,NA
"158","Al","T190",1,0,0,NA,0,NA
"159","Al","T192",4,0,0,NA,0,NA
"160","Al","T193",3,0,67,NA,0,NA
"161","Al","T194",3,0,67,NA,0,NA
"162","Al","T198",5,0,40,NA,0,NA
"163","Al","T199",5,0,0,NA,0,NA
"164","As","D302",2,0,0,0,0,0
"165","As","D303",2,0,0,0,0,0
"166","As","D304",1,0,0,0,0,0
"167","As","D305",6,0,0,0,0,0
"168","As","D306",1,0,0,0,0,0
"169","As","D307",3,0,0,0,0,0
"170","As","D308",6,0,33,0,33,0
"171","As","D309",3,0,0,0,0,0
"172","As","D310",1,0,0,0,0,0
"173","As","D311",4,0,0,0,0,0
"174","As","D312",2,0,0,0,0,0
"175","As","D315",2,0,0,0,0,0
"176","As","D316",2,0,0,0,0,0
"177","As","D317",6,0,0,0,0,0
"178","As","D319",2,0,0,0,0,0
"179","As","D321",6,0,0,0,0,0
"180","As","D325",2,0,0,0,0,0
"181","As","D326",2,0,0,0,0,0
"182","As","G400",6,0,0,0,0,0
"183","As","G401",5,0,0,0,0,0
"184","As","G402",7,0,0,0,0,0
"185","As","G403",6,0,0,0,0,0
"186","As","G404",5,0,0,0,0,0
"187","As","G405",5,0,0,0,0,0
"188","As","G407",5,0,0,0,0,0
"189","As","G408",2,0,0,0,0,0
"190","As","G409",2,0,0,0,0,0
"191","As","G410",5,0,0,0,0,0
"192","As","G412",6,0,0,0,0,0
"193","As","G413",6,0,0,0,0,0
"194","As","G414",6,0,0,0,0,0
"195","As","G415",6,0,0,0,0,0
"196","As","G416",4,0,0,0,0,0
"197","As","G417",5,0,0,0,0,0
"198","As","G418",5,0,0,0,0,0
"199","As","G419",3,0,0,0,0,0
"200","As","G420",5,0,0,0,0,0
"201","As","G422",5,0,0,0,0,0
"202","As","G424",4,0,0,0,0,0
"203","As","G425",4,0,0,0,0,0
"204","As","G426",5,0,0,0,0,0
"205","As","G427",5,0,0,0,0,0
"206","As","G428",5,0,0,0,0,0
"207","As","G429",1,0,0,0,0,0
"208","As","H203",5,0,0,0,0,0
"209","As","H204",5,0,0,0,0,0
"210","As","H205",3,0,0,0,0,0
"211","As","H206",6,0,0,0,0,0
"212","As","H208",7,0,0,0,0,0
"213","As","H209",5,0,0,0,0,0
"214","As","H210",6,0,33,0,33,0
"215","As","H211",4,0,0,0,0,0
"216","As","H212",2,0,50,0,50,0
"217","As","H213",4,0,0,0,0,0
"218","As","H214",5,0,40,0,40,0
"219","As","H215",5,0,0,0,0,0
"220","As","H216",5,0,40,0,40,0
"221","As","H217",5,0,60,20,60,0
"222","As","H218",4,0,50,25,50,0
"223","As","H219",4,0,0,0,0,0
"224","As","H220",5,0,20,0,20,0
"225","As","H221",6,0,17,0,17,0
"226","As","H224",1,0,0,0,0,0
"227","As","H225",1,100,100,100,100,0
"228","As","T002",2,0,0,0,0,0
"229","As","T006",1,0,0,0,0,0
"230","As","T008",2,0,0,0,0,0
"231","As","T009",2,0,0,0,0,0
"232","As","T010",2,0,0,0,0,0
"233","As","T013",1,0,0,0,0,0
"234","As","T014",2,0,0,0,0,0
"235","As","T015",2,0,0,0,0,0
"236","As","T016",1,0,0,0,0,0
"237","As","T018",2,0,0,0,0,0
"238","As","T019",2,0,0,0,0,0
"239","As","T020",2,0,0,0,0,0
"240","As","T022",2,0,0,0,0,0
"241","As","T023",2,0,0,0,0,0
"242","As","T024",2,0,0,0,0,0
"243","As","T025",2,0,0,0,0,0
"244","As","T029",2,0,0,0,0,0
"245","As","T033",1,0,0,0,0,0
"246","As","T034",2,0,0,0,0,0
"247","As","T035",2,0,0,0,0,0
"248","As","T036",2,0,0,0,0,0
"249","As","T037",1,0,0,0,0,0
"250","As","T038",2,0,0,0,0,0
"251","As","T039",2,0,0,0,0,0
"252","As","T040",2,0,0,0,0,0
"253","As","T041",1,0,0,0,0,0
"254","As","T044",2,0,0,0,0,0
"255","As","T046",2,0,0,0,0,0
"256","As","T047",2,0,0,0,0,0
"257","As","T048",1,0,0,0,0,0
"258","As","T101",6,0,0,0,0,0
"259","As","T102",6,0,0,0,0,0
"260","As","T104",4,0,0,0,0,0
"261","As","T105",1,0,0,0,0,0
"262","As","T106",4,0,0,0,0,0
"263","As","T107",4,0,0,0,0,0
"264","As","T108",1,0,0,0,0,0
"265","As","T109",6,0,0,0,0,0
"266","As","T110",4,0,0,0,0,0
"267","As","T111",4,0,0,0,0,0
"268","As","T112",3,0,0,0,0,0
"269","As","T113",6,0,33,0,33,0
"270","As","T114",5,0,0,0,0,0
"271","As","T115",1,0,0,0,0,0
"272","As","T116",4,0,0,0,0,0
"273","As","T117",5,0,0,0,0,0
"274","As","T118",2,0,0,0,0,0
"275","As","T119",1,0,0,0,0,0
"276","As","T120",4,0,0,0,0,0
"277","As","T121",6,0,0,0,0,0
"278","As","T122",6,0,0,0,0,0
"279","As","T123",4,0,0,0,0,0
"280","As","T127",3,0,0,0,0,0
"281","As","T128",6,0,0,0,0,0
"282","As","T129",2,0,0,0,0,0
"283","As","T132",4,0,0,0,0,0
"284","As","T133",2,0,0,0,0,0
"285","As","T134",1,0,0,0,0,0
"286","As","T135",1,0,0,0,0,0
"287","As","T137",3,0,0,0,0,0
"288","As","T138",5,0,0,0,0,0
"289","As","T141",5,0,0,0,0,0
"290","As","T142",3,0,0,0,0,0
"291","As","T143",5,0,0,0,0,0
"292","As","T144",2,0,0,0,0,0
"293","As","T146",3,0,0,0,0,0
"294","As","T149",1,0,0,0,0,0
"295","As","T150",2,0,0,0,0,0
"296","As","T151",1,0,0,0,0,0
"297","As","T152",4,0,0,0,0,0
"298","As","T153",4,0,0,0,0,0
"299","As","T154",6,0,0,0,0,0
"300","As","T155",1,0,0,0,0,0
"301","As","T156",6,0,0,0,0,0
"302","As","T157",5,0,0,0,0,0
"303","As","T158",4,0,0,0,0,0
"304","As","T159",5,0,0,0,0,0
"305","As","T160",5,0,0,0,0,0
"306","As","T161",4,0,0,0,0,0
"307","As","T162",3,0,0,0,0,0
"308","As","T163",6,0,0,0,0,0
"309","As","T164",4,0,0,0,0,0
"310","As","T166",4,0,0,0,0,0
"311","As","T169",6,0,0,0,0,0
"312","As","T170",3,0,0,0,0,0
"313","As","T172",4,0,0,0,0,0
"314","As","T178",4,0,0,0,0,0
"315","As","T180",1,0,0,0,0,0
"316","As","T181",2,0,0,0,0,0
"317","As","T182",3,0,0,0,0,0
"318","As","T183",3,0,0,0,0,0
"319","As","T187",5,0,0,0,0,0
"320","As","T188",5,0,0,0,0,0
"321","As","T190",1,0,0,0,0,0
"322","As","T192",4,0,0,0,0,0
"323","As","T193",3,0,0,0,0,0
"324","As","T194",3,0,0,0,0,0
"325","As","T198",5,0,0,0,0,0
"326","As","T199",5,0,0,0,0,0
"327","Be","D302",2,0,0,0,NA,0
"328","Be","D303",2,0,0,0,NA,0
"329","Be","D304",1,0,0,0,NA,0
"330","Be","D305",6,0,0,0,NA,0
"331","Be","D306",1,0,0,0,NA,0
"332","Be","D307",3,0,0,0,NA,0
"333","Be","D308",6,0,0,0,NA,0
"334","Be","D309",3,0,0,0,NA,0
"335","Be","D310",1,0,0,0,NA,0
"336","Be","D311",4,0,0,0,NA,0
"337","Be","D312",2,0,0,0,NA,0
"338","Be","D315",2,0,0,0,NA,0
"339","Be","D316",2,0,0,0,NA,0
"340","Be","D317",6,0,0,0,NA,0
"341","Be","D319",2,0,0,0,NA,0
"342","Be","D321",6,0,0,0,NA,0
"343","Be","D325",2,0,0,0,NA,0
"344","Be","D326",2,0,0,0,NA,0
"345","Be","G400",6,0,0,0,NA,0
"346","Be","G401",5,0,0,0,NA,0
"347","Be","G402",7,0,0,0,NA,0
"348","Be","G403",6,0,0,0,NA,0
"349","Be","G404",5,0,0,0,NA,0
"350","Be","G405",5,0,0,0,NA,0
"351","Be","G407",5,0,0,0,NA,0
"352","Be","G408",2,0,0,0,NA,0
"353","Be","G409",2,0,0,0,NA,0
"354","Be","G410",5,0,0,0,NA,0
"355","Be","G412",6,0,0,0,NA,0
"356","Be","G413",6,0,0,0,NA,0
"357","Be","G414",6,0,0,0,NA,0
"358","Be","G415",6,0,0,0,NA,0
"359","Be","G416",4,0,0,0,NA,0
"360","Be","G417",5,0,0,0,NA,0
"361","Be","G418",5,0,0,0,NA,0
"362","Be","G419",3,0,0,0,NA,0
"363","Be","G420",5,0,0,0,NA,0
"364","Be","G422",5,0,0,0,NA,0
"365","Be","G424",4,0,0,0,NA,0
"366","Be","G425",4,0,0,0,NA,0
"367","Be","G426",5,0,0,0,NA,0
"368","Be","G427",5,0,0,0,NA,0
"369","Be","G428",5,0,0,0,NA,0
"370","Be","G429",1,0,0,0,NA,0
"371","Be","H203",5,0,0,0,NA,0
"372","Be","H204",5,0,0,0,NA,0
"373","Be","H205",3,0,0,0,NA,0
"374","Be","H206",6,0,0,0,NA,0
"375","Be","H208",7,0,0,0,NA,0
"376","Be","H209",5,0,0,0,NA,0
"377","Be","H210",6,0,0,0,NA,0
"378","Be","H211",4,0,0,0,NA,0
"379","Be","H212",2,0,0,0,NA,0
"380","Be","H213",4,0,0,0,NA,0
"381","Be","H214",5,0,0,0,NA,0
"382","Be","H215",5,0,0,0,NA,0
"383","Be","H216",5,0,0,0,NA,0
"384","Be","H217",5,0,0,0,NA,0
"385","Be","H218",4,0,0,0,NA,0
"386","Be","H219",4,0,0,0,NA,0
"387","Be","H220",5,0,0,0,NA,0
"388","Be","H221",6,0,0,0,NA,0
"389","Be","H224",1,0,0,0,NA,0
"390","Be","H225",1,0,0,0,NA,0
"391","Be","T002",2,0,0,0,NA,0
"392","Be","T006",1,0,0,0,NA,0
"393","Be","T008",2,0,0,0,NA,0
"394","Be","T009",2,0,0,0,NA,0
"395","Be","T010",2,0,0,0,NA,0
"396","Be","T013",1,0,0,0,NA,0
"397","Be","T014",2,0,0,0,NA,0
"398","Be","T015",2,0,0,0,NA,0
"399","Be","T016",1,0,0,0,NA,0
"400","Be","T018",2,0,0,0,NA,0
"401","Be","T019",2,0,0,0,NA,0
"402","Be","T020",2,0,0,0,NA,0
"403","Be","T022",2,0,0,0,NA,0
"404","Be","T023",2,0,0,0,NA,0
"405","Be","T024",2,0,0,0,NA,0
"406","Be","T025",2,0,0,0,NA,0
"407","Be","T029",2,0,0,0,NA,0
"408","Be","T033",1,0,0,0,NA,0
"409","Be","T034",2,0,0,0,NA,0
"410","Be","T035",2,0,0,0,NA,0
"411","Be","T036",2,0,0,0,NA,0
"412","Be","T037",1,0,0,0,NA,0
"413","Be","T038",2,0,0,0,NA,0
"414","Be","T039",2,0,0,0,NA,0
"415","Be","T040",2,0,0,0,NA,0
"416","Be","T041",1,0,0,0,NA,0
"417","Be","T044",2,0,0,0,NA,0
"418","Be","T046",2,0,0,0,NA,0
"419","Be","T047",2,0,0,0,NA,0
"420","Be","T048",1,0,0,0,NA,0
"421","Be","T101",6,0,0,0,NA,0
"422","Be","T102",6,0,0,0,NA,0
"423","Be","T104",4,0,0,0,NA,0
"424","Be","T105",1,0,0,0,NA,0
"425","Be","T106",4,0,0,0,NA,0
"426","Be","T107",4,0,0,0,NA,0
"427","Be","T108",1,0,0,0,NA,0
"428","Be","T109",6,0,0,0,NA,0
"429","Be","T110",4,0,0,0,NA,0
"430","Be","T111",4,0,0,0,NA,0
"431","Be","T112",3,0,0,0,NA,0
"432","Be","T113",6,0,0,0,NA,0
"433","Be","T114",5,0,0,0,NA,0
"434","Be","T115",1,0,0,0,NA,0
"435","Be","T116",4,0,0,0,NA,0
"436","Be","T117",5,0,0,0,NA,0
"437","Be","T118",2,0,0,0,NA,0
"438","Be","T119",1,0,0,0,NA,0
"439","Be","T120",4,0,0,0,NA,0
"440","Be","T121",6,0,0,0,NA,0
"441","Be","T122",6,0,0,0,NA,0
"442","Be","T123",4,0,0,0,NA,0
"443","Be","T127",3,0,0,0,NA,0
"444","Be","T128",6,0,0,0,NA,0
"445","Be","T129",2,0,0,0,NA,0
"446","Be","T132",4,0,0,0,NA,0
"447","Be","T133",2,0,0,0,NA,0
"448","Be","T134",1,0,0,0,NA,0
"449","Be","T135",1,0,0,0,NA,0
"450","Be","T137",3,0,0,0,NA,0
"451","Be","T138",5,0,0,0,NA,0
"452","Be","T141",5,0,0,0,NA,0
"453","Be","T142",3,0,0,0,NA,0
"454","Be","T143",5,0,0,0,NA,0
"455","Be","T144",2,0,0,0,NA,0
"456","Be","T146",3,0,0,0,NA,0
"457","Be","T149",1,0,0,0,NA,0
"458","Be","T150",2,0,0,0,NA,0
"459","Be","T151",1,0,0,0,NA,0
"460","Be","T152",4,0,0,0,NA,0
"461","Be","T153",4,0,0,0,NA,0
"462","Be","T154",6,0,0,0,NA,0
"463","Be","T155",1,0,0,0,NA,0
"464","Be","T156",6,0,0,0,NA,0
"465","Be","T157",5,0,0,0,NA,0
"466","Be","T158",4,0,0,0,NA,0
"467","Be","T159",5,0,0,0,NA,0
"468","Be","T160",5,0,0,0,NA,0
"469","Be","T161",4,0,0,0,NA,0
"470","Be","T162",3,0,0,0,NA,0
"471","Be","T163",6,0,0,0,NA,0
"472","Be","T164",4,0,0,0,NA,0
"473","Be","T166",4,0,0,0,NA,0
"474","Be","T169",6,0,0,0,NA,0
"475","Be","T170",3,0,0,0,NA,0
"476","Be","T172",4,0,0,0,NA,0
"477","Be","T178",4,0,0,0,NA,0
"478","Be","T180",1,0,0,0,NA,0
"479","Be","T181",2,0,0,0,NA,0
"480","Be","T182",3,0,0,0,NA,0
"481","Be","T183",3,0,0,0,NA,0
"482","Be","T187",5,0,0,0,NA,0
"483","Be","T188",5,0,0,0,NA,0
"484","Be","T190",1,0,0,0,NA,0
"485","Be","T192",4,0,0,0,NA,0
"486","Be","T193",3,0,0,0,NA,0
"487","Be","T194",3,0,0,0,NA,0
"488","Be","T198",5,0,0,0,NA,0
"489","Be","T199",5,0,0,0,NA,0
"490","Cd","D302",2,0,0,0,0,0
"491","Cd","D303",2,0,0,0,0,0
"492","Cd","D304",1,0,0,0,0,0
"493","Cd","D305",6,0,0,0,0,0
"494","Cd","D306",1,0,0,0,0,0
"495","Cd","D307",3,0,0,0,0,0
"496","Cd","D308",6,0,0,0,0,0
"497","Cd","D309",3,0,0,0,0,0
"498","Cd","D310",1,0,0,0,0,0
"499","Cd","D311",4,0,0,0,0,0
"500","Cd","D312",2,0,0,0,0,0
"501","Cd","D315",2,0,0,0,0,0
"502","Cd","D316",2,0,0,0,0,0
"503","Cd","D317",6,0,0,0,0,0
"504","Cd","D319",2,0,0,0,0,0
"505","Cd","D321",6,0,0,0,0,0
"506","Cd","D325",2,0,0,0,0,0
"507","Cd","D326",2,0,0,0,0,0
"508","Cd","G400",6,0,17,0,0,0
"509","Cd","G401",5,0,0,0,0,0
"510","Cd","G402",7,0,0,0,0,0
"511","Cd","G403",6,0,0,0,0,0
"512","Cd","G404",5,0,0,0,0,0
"513","Cd","G405",5,0,0,0,0,0
"514","Cd","G407",5,0,0,0,0,0
"515","Cd","G408",2,0,0,0,0,0
"516","Cd","G409",2,0,0,0,0,0
"517","Cd","G410",5,0,0,0,0,0
"518","Cd","G412",6,0,0,0,0,0
"519","Cd","G413",6,0,0,0,0,0
"520","Cd","G414",6,0,0,0,0,0
"521","Cd","G415",6,0,0,0,0,0
"522","Cd","G416",4,0,0,0,0,0
"523","Cd","G417",5,0,0,0,0,0
"524","Cd","G418",5,0,0,0,0,0
"525","Cd","G419",3,0,0,0,0,0
"526","Cd","G420",5,0,0,0,0,0
"527","Cd","G422",5,60,80,0,0,0
"528","Cd","G424",4,0,0,0,0,0
"529","Cd","G425",4,0,0,0,0,0
"530","Cd","G426",5,0,0,0,0,0
"531","Cd","G427",5,0,0,0,0,0
"532","Cd","G428",5,0,80,0,0,0
"533","Cd","G429",1,0,0,0,0,0
"534","Cd","H203",5,0,0,0,0,0
"535","Cd","H204",5,0,0,0,0,0
"536","Cd","H205",3,0,0,0,0,0
"537","Cd","H206",6,0,0,0,0,0
"538","Cd","H208",7,0,0,0,0,0
"539","Cd","H209",5,0,0,0,0,0
"540","Cd","H210",6,0,0,0,0,0
"541","Cd","H211",4,0,0,0,0,0
"542","Cd","H212",2,0,0,0,0,0
"543","Cd","H213",4,0,0,0,0,0
"544","Cd","H214",5,0,0,0,0,0
"545","Cd","H215",5,0,0,0,0,0
"546","Cd","H216",5,0,0,0,0,0
"547","Cd","H217",5,0,0,0,0,0
"548","Cd","H218",4,0,0,0,0,0
"549","Cd","H219",4,0,0,0,0,0
"550","Cd","H220",5,0,0,0,0,0
"551","Cd","H221",6,0,0,0,0,0
"552","Cd","H224",1,0,0,0,0,0
"553","Cd","H225",1,0,0,0,0,0
"554","Cd","T002",2,0,0,0,0,0
"555","Cd","T006",1,0,0,0,0,0
"556","Cd","T008",2,0,0,0,0,0
"557","Cd","T009",2,0,0,0,0,0
"558","Cd","T010",2,0,0,0,0,0
"559","Cd","T013",1,0,0,0,0,0
"560","Cd","T014",2,0,0,0,0,0
"561","Cd","T015",2,0,0,0,0,0
"562","Cd","T016",1,0,0,0,0,0
"563","Cd","T018",2,0,0,0,0,0
"564","Cd","T019",2,0,0,0,0,0
"565","Cd","T020",2,0,0,0,0,0
"566","Cd","T022",2,0,0,0,0,0
"567","Cd","T023",2,0,0,0,0,0
"568","Cd","T024",2,0,0,0,0,0
"569","Cd","T025",2,0,0,0,0,0
"570","Cd","T029",2,0,0,0,0,0
"571","Cd","T033",1,0,0,0,0,0
"572","Cd","T034",2,0,0,0,0,0
"573","Cd","T035",2,0,0,0,0,0
"574","Cd","T036",2,0,0,0,0,0
"575","Cd","T037",1,0,0,0,0,0
"576","Cd","T038",2,0,0,0,0,0
"577","Cd","T039",2,0,0,0,0,0
"578","Cd","T040",2,0,0,0,0,0
"579","Cd","T041",1,0,0,0,0,0
"580","Cd","T044",2,0,0,0,0,0
"581","Cd","T046",2,0,0,0,0,0
"582","Cd","T047",2,0,0,0,0,0
"583","Cd","T048",1,0,0,0,0,0
"584","Cd","T101",6,0,0,0,0,0
"585","Cd","T102",6,0,0,0,0,0
"586","Cd","T104",4,0,0,0,0,0
"587","Cd","T105",1,0,0,0,0,0
"588","Cd","T106",4,0,0,0,0,0
"589","Cd","T107",4,0,0,0,0,0
"590","Cd","T108",1,0,0,0,0,0
"591","Cd","T109",6,0,0,0,0,0
"592","Cd","T110",4,0,0,0,0,0
"593","Cd","T111",4,0,0,0,0,0
"594","Cd","T112",3,0,0,0,0,0
"595","Cd","T113",6,0,0,0,0,0
"596","Cd","T114",5,0,0,0,0,0
"597","Cd","T115",1,0,0,0,0,0
"598","Cd","T116",4,0,0,0,0,0
"599","Cd","T117",5,0,0,0,0,0
"600","Cd","T118",2,0,0,0,0,0
"601","Cd","T119",1,0,0,0,0,0
"602","Cd","T120",4,0,0,0,0,0
"603","Cd","T121",6,0,0,0,0,0
"604","Cd","T122",6,0,0,0,0,0
"605","Cd","T123",4,0,0,0,0,0
"606","Cd","T127",3,0,0,0,0,0
"607","Cd","T128",6,0,0,0,0,0
"608","Cd","T129",2,0,0,0,0,0
"609","Cd","T132",4,0,0,0,0,0
"610","Cd","T133",2,0,0,0,0,0
"611","Cd","T134",1,0,0,0,0,0
"612","Cd","T135",1,0,0,0,0,0
"613","Cd","T137",3,0,0,0,0,0
"614","Cd","T138",5,0,0,0,0,0
"615","Cd","T141",5,0,0,0,0,0
"616","Cd","T142",3,0,0,0,0,0
"617","Cd","T143",5,0,0,0,0,0
"618","Cd","T144",2,0,0,0,0,0
"619","Cd","T146",3,0,0,0,0,0
"620","Cd","T149",1,0,0,0,0,0
"621","Cd","T150",2,0,0,0,0,0
"622","Cd","T151",1,0,0,0,0,0
"623","Cd","T152",4,0,0,0,0,0
"624","Cd","T153",4,0,0,0,0,0
"625","Cd","T154",6,0,0,0,0,0
"626","Cd","T155",1,0,0,0,0,0
"627","Cd","T156",6,0,0,0,0,0
"628","Cd","T157",5,0,0,0,0,0
"629","Cd","T158",4,0,0,0,0,0
"630","Cd","T159",5,0,0,0,0,0
"631","Cd","T160",5,0,0,0,0,0
"632","Cd","T161",4,0,0,0,0,0
"633","Cd","T162",3,0,0,0,0,0
"634","Cd","T163",6,0,0,0,0,0
"635","Cd","T164",4,0,0,0,0,0
"636","Cd","T166",4,0,0,0,0,0
"637","Cd","T169",6,0,0,0,0,0
"638","Cd","T170",3,0,0,0,0,0
"639","Cd","T172",4,0,0,0,0,0
"640","Cd","T178",4,0,0,0,0,0
"641","Cd","T180",1,0,0,0,0,0
"642","Cd","T181",2,0,0,0,0,0
"643","Cd","T182",3,0,0,0,0,0
"644","Cd","T183",3,0,0,0,0,0
"645","Cd","T187",5,0,0,0,0,0
"646","Cd","T188",5,0,0,0,0,0
"647","Cd","T190",1,0,0,0,0,0
"648","Cd","T192",4,0,0,0,0,0
"649","Cd","T193",3,0,0,0,0,0
"650","Cd","T194",3,0,0,0,0,0
"651","Cd","T198",5,0,0,0,0,0
"652","Cd","T199",5,0,0,0,0,0
"653","Cr","D302",2,0,0,0,0,0
"654","Cr","D303",2,0,0,0,0,0
"655","Cr","D304",1,0,0,0,0,0
"656","Cr","D305",6,0,0,0,0,0
"657","Cr","D306",1,0,0,0,0,0
"658","Cr","D307",3,0,0,0,0,0
"659","Cr","D308",6,0,0,0,0,0
"660","Cr","D309",3,0,0,0,0,0
"661","Cr","D310",1,0,0,0,0,0
"662","Cr","D311",4,0,0,0,0,0
"663","Cr","D312",2,0,0,0,0,0
"664","Cr","D315",2,0,0,0,0,0
"665","Cr","D316",2,0,0,0,0,0
"666","Cr","D317",6,0,0,0,0,0
"667","Cr","D319",2,0,0,0,0,0
"668","Cr","D321",6,0,0,0,0,0
"669","Cr","D325",2,0,0,0,0,0
"670","Cr","D326",2,0,0,0,0,0
"671","Cr","G400",6,0,0,0,0,0
"672","Cr","G401",5,0,0,0,0,0
"673","Cr","G402",7,0,0,0,0,0
"674","Cr","G403",6,0,0,0,0,0
"675","Cr","G404",5,0,0,0,0,0
"676","Cr","G405",5,0,0,0,0,0
"677","Cr","G407",5,0,0,0,0,0
"678","Cr","G408",2,0,0,0,0,0
"679","Cr","G409",2,0,0,0,0,0
"680","Cr","G410",5,0,0,0,0,0
"681","Cr","G412",6,0,0,0,0,0
"682","Cr","G413",6,0,0,0,0,0
"683","Cr","G414",6,0,0,0,0,0
"684","Cr","G415",6,0,0,0,0,0
"685","Cr","G416",4,0,0,0,0,0
"686","Cr","G417",5,0,0,0,0,0
"687","Cr","G418",5,0,0,0,0,0
"688","Cr","G419",3,0,0,0,0,0
"689","Cr","G420",5,0,0,0,0,0
"690","Cr","G422",5,0,0,0,0,0
"691","Cr","G424",4,0,0,0,0,0
"692","Cr","G425",4,0,0,0,0,0
"693","Cr","G426",5,0,0,0,0,0
"694","Cr","G427",5,0,0,0,0,0
"695","Cr","G428",5,0,0,0,0,0
"696","Cr","G429",1,0,0,0,0,0
"697","Cr","H203",5,0,0,0,0,0
"698","Cr","H204",5,0,0,0,0,0
"699","Cr","H205",3,0,0,0,0,0
"700","Cr","H206",6,0,0,0,0,0
"701","Cr","H208",7,0,0,0,0,0
"702","Cr","H209",5,0,0,0,0,0
"703","Cr","H210",6,0,0,0,0,0
"704","Cr","H211",4,0,0,0,0,0
"705","Cr","H212",2,0,0,0,0,0
"706","Cr","H213",4,0,0,0,0,0
"707","Cr","H214",5,0,0,0,0,0
"708","Cr","H215",5,0,0,0,0,0
"709","Cr","H216",5,0,0,0,0,0
"710","Cr","H217",5,0,0,0,0,0
"711","Cr","H218",4,0,0,0,0,0
"712","Cr","H219",4,0,0,0,0,0
"713","Cr","H220",5,0,0,0,0,0
"714","Cr","H221",6,17,17,0,0,0
"715","Cr","H224",1,0,0,0,0,0
"716","Cr","H225",1,0,0,0,0,0
"717","Cr","T002",2,0,0,0,0,0
"718","Cr","T006",1,0,0,0,0,0
"719","Cr","T008",2,0,0,0,0,0
"720","Cr","T009",2,0,0,0,0,0
"721","Cr","T010",2,0,0,0,0,0
"722","Cr","T013",1,0,0,0,0,0
"723","Cr","T014",2,0,0,0,0,0
"724","Cr","T015",2,0,0,0,0,0
"725","Cr","T016",1,0,0,0,0,0
"726","Cr","T018",2,0,0,0,0,0
"727","Cr","T019",2,0,0,0,0,0
"728","Cr","T020",2,0,0,0,0,0
"729","Cr","T022",2,0,0,0,0,0
"730","Cr","T023",2,0,0,0,0,0
"731","Cr","T024",2,0,0,0,0,0
"732","Cr","T025",2,0,0,0,0,0
"733","Cr","T029",2,0,0,0,0,0
"734","Cr","T033",1,0,0,0,0,0
"735","Cr","T034",2,0,0,0,0,0
"736","Cr","T035",2,0,0,0,0,0
"737","Cr","T036",2,0,0,0,0,0
"738","Cr","T037",1,0,0,0,0,0
"739","Cr","T038",2,0,0,0,0,0
"740","Cr","T039",2,0,0,0,0,0
"741","Cr","T040",2,0,0,0,0,0
"742","Cr","T041",1,0,0,0,0,0
"743","Cr","T044",2,0,0,0,0,0
"744","Cr","T046",2,0,0,0,0,0
"745","Cr","T047",2,0,0,0,0,0
"746","Cr","T048",1,0,0,0,0,0
"747","Cr","T101",6,0,0,0,0,0
"748","Cr","T102",6,0,0,0,0,0
"749","Cr","T104",4,0,0,0,0,0
"750","Cr","T105",1,0,0,0,0,0
"751","Cr","T106",4,0,0,0,0,0
"752","Cr","T107",4,0,0,0,0,0
"753","Cr","T108",1,0,0,0,0,0
"754","Cr","T109",6,0,0,0,0,0
"755","Cr","T110",4,0,0,0,0,0
"756","Cr","T111",4,0,0,0,0,0
"757","Cr","T112",3,0,0,0,0,0
"758","Cr","T113",6,0,0,0,0,0
"759","Cr","T114",5,0,0,0,0,0
"760","Cr","T115",1,0,0,0,0,0
"761","Cr","T116",4,0,0,0,0,0
"762","Cr","T117",5,0,0,0,0,0
"763","Cr","T118",2,0,0,0,0,0
"764","Cr","T119",1,0,0,0,0,0
"765","Cr","T120",4,0,0,0,0,0
"766","Cr","T121",6,0,0,0,0,0
"767","Cr","T122",6,0,0,0,0,0
"768","Cr","T123",4,0,0,0,0,0
"769","Cr","T127",3,0,0,0,0,0
"770","Cr","T128",6,0,0,0,0,0
"771","Cr","T129",2,0,0,0,0,0
"772","Cr","T132",4,0,0,0,0,0
"773","Cr","T133",2,0,0,0,0,0
"774","Cr","T134",1,0,0,0,0,0
"775","Cr","T135",1,0,0,0,0,0
"776","Cr","T137",3,0,0,0,0,0
"777","Cr","T138",5,0,0,0,0,0
"778","Cr","T141",5,0,0,0,0,0
"779","Cr","T142",3,0,0,0,0,0
"780","Cr","T143",5,0,0,0,0,0
"781","Cr","T144",2,0,0,0,0,0
"782","Cr","T146",3,0,0,0,0,0
"783","Cr","T149",1,0,0,0,0,0
"784","Cr","T150",2,0,0,0,0,0
"785","Cr","T151",1,0,0,0,0,0
"786","Cr","T152",4,0,0,0,0,0
"787","Cr","T153",4,0,0,0,0,0
"788","Cr","T154",6,0,0,0,0,0
"789","Cr","T155",1,0,0,0,0,0
"790","Cr","T156",6,0,0,0,0,0
"791","Cr","T157",5,0,0,0,0,0
"792","Cr","T158",4,0,0,0,0,0
"793","Cr","T159",5,0,0,0,0,0
"794","Cr","T160",5,0,0,0,0,0
"795","Cr","T161",4,0,0,0,0,0
"796","Cr","T162",3,0,0,0,0,0
"797","Cr","T163",6,0,0,0,0,0
"798","Cr","T164",4,0,0,0,0,0
"799","Cr","T166",4,0,0,0,0,0
"800","Cr","T169",6,0,0,0,0,0
"801","Cr","T170",3,0,0,0,0,0
"802","Cr","T172",4,0,0,0,0,0
"803","Cr","T178",4,0,0,0,0,0
"804","Cr","T180",1,0,0,0,0,0
"805","Cr","T181",2,0,0,0,0,0
"806","Cr","T182",3,0,0,0,0,0
"807","Cr","T183",3,0,0,0,0,0
"808","Cr","T187",5,0,0,0,0,0
"809","Cr","T188",5,0,0,0,0,0
"810","Cr","T190",1,0,0,0,0,0
"811","Cr","T192",4,0,0,0,0,0
"812","Cr","T193",3,0,0,0,0,0
"813","Cr","T194",3,0,0,0,0,0
"814","Cr","T198",5,0,0,0,0,0
"815","Cr","T199",5,0,0,0,0,0
"816","Cu","D302",2,0,0,0,0,0
"817","Cu","D303",2,0,0,0,0,0
"818","Cu","D304",1,0,0,0,0,0
"819","Cu","D305",6,0,0,0,0,0
"820","Cu","D306",1,0,0,0,0,0
"821","Cu","D307",3,0,0,0,0,0
"822","Cu","D308",6,0,0,0,0,0
"823","Cu","D309",3,0,0,0,0,0
"824","Cu","D310",1,0,0,0,0,0
"825","Cu","D311",4,0,0,0,0,0
"826","Cu","D312",2,0,0,0,0,0
"827","Cu","D315",2,0,0,0,0,0
"828","Cu","D316",2,0,0,0,0,0
"829","Cu","D317",6,0,0,0,0,0
"830","Cu","D319",2,0,0,0,0,0
"831","Cu","D321",6,0,0,0,0,0
"832","Cu","D325",2,0,0,0,0,0
"833","Cu","D326",2,0,0,0,0,0
"834","Cu","G400",6,0,0,0,0,0
"835","Cu","G401",5,20,0,0,0,0
"836","Cu","G402",7,0,0,0,0,0
"837","Cu","G403",6,0,0,0,0,0
"838","Cu","G404",5,0,0,0,0,0
"839","Cu","G405",5,0,0,0,0,0
"840","Cu","G407",5,0,0,0,0,0
"841","Cu","G408",2,0,0,0,0,0
"842","Cu","G409",2,0,0,0,0,0
"843","Cu","G410",5,20,0,0,0,0
"844","Cu","G412",6,0,0,0,0,0
"845","Cu","G413",6,0,0,0,0,0
"846","Cu","G414",6,0,0,0,0,0
"847","Cu","G415",6,0,0,0,0,0
"848","Cu","G416",4,0,0,0,0,0
"849","Cu","G417",5,0,0,0,0,0
"850","Cu","G418",5,0,0,0,0,0
"851","Cu","G419",3,33,0,0,0,0
"852","Cu","G420",5,0,0,0,0,0
"853","Cu","G422",5,80,40,40,80,40
"854","Cu","G424",4,0,0,0,0,0
"855","Cu","G425",4,25,0,0,0,0
"856","Cu","G426",5,0,0,0,0,0
"857","Cu","G427",5,20,0,0,0,0
"858","Cu","G428",5,40,0,0,0,0
"859","Cu","G429",1,0,0,0,0,0
"860","Cu","H203",5,20,20,20,20,20
"861","Cu","H204",5,0,0,0,0,0
"862","Cu","H205",3,0,0,0,0,0
"863","Cu","H206",6,0,0,0,0,0
"864","Cu","H208",7,0,0,0,0,0
"865","Cu","H209",5,0,0,0,0,0
"866","Cu","H210",6,33,0,0,0,0
"867","Cu","H211",4,0,0,0,0,0
"868","Cu","H212",2,0,0,0,0,0
"869","Cu","H213",4,0,0,0,0,0
"870","Cu","H214",5,40,0,0,0,0
"871","Cu","H215",5,0,0,0,0,0
"872","Cu","H216",5,20,0,0,20,0
"873","Cu","H217",5,80,0,0,40,0
"874","Cu","H218",4,50,0,0,0,0
"875","Cu","H219",4,0,0,0,0,0
"876","Cu","H220",5,20,0,0,0,0
"877","Cu","H221",6,17,0,0,0,0
"878","Cu","H224",1,0,0,0,0,0
"879","Cu","H225",1,100,0,0,100,0
"880","Cu","T002",2,0,0,0,0,0
"881","Cu","T006",1,0,0,0,0,0
"882","Cu","T008",2,0,0,0,0,0
"883","Cu","T009",2,0,0,0,0,0
"884","Cu","T010",2,0,0,0,0,0
"885","Cu","T013",1,0,0,0,0,0
"886","Cu","T014",2,0,0,0,0,0
"887","Cu","T015",2,0,0,0,0,0
"888","Cu","T016",1,0,0,0,0,0
"889","Cu","T018",2,0,0,0,0,0
"890","Cu","T019",2,50,0,0,0,0
"891","Cu","T020",2,0,0,0,0,0
"892","Cu","T022",2,0,0,0,0,0
"893","Cu","T023",2,0,0,0,0,0
"894","Cu","T024",2,50,0,0,50,0
"895","Cu","T025",2,0,0,0,0,0
"896","Cu","T029",2,0,0,0,0,0
"897","Cu","T033",1,0,0,0,0,0
"898","Cu","T034",2,0,0,0,0,0
"899","Cu","T035",2,0,0,0,0,0
"900","Cu","T036",2,0,0,0,0,0
"901","Cu","T037",1,0,0,0,0,0
"902","Cu","T038",2,0,0,0,0,0
"903","Cu","T039",2,0,0,0,0,0
"904","Cu","T040",2,0,0,0,0,0
"905","Cu","T041",1,0,0,0,0,0
"906","Cu","T044",2,0,0,0,0,0
"907","Cu","T046",2,0,0,0,0,0
"908","Cu","T047",2,0,0,0,0,0
"909","Cu","T048",1,0,0,0,0,0
"910","Cu","T101",6,0,0,0,0,0
"911","Cu","T102",6,0,0,0,0,0
"912","Cu","T104",4,0,0,0,0,0
"913","Cu","T105",1,0,0,0,0,0
"914","Cu","T106",4,0,0,0,0,0
"915","Cu","T107",4,0,0,0,0,0
"916","Cu","T108",1,0,0,0,0,0
"917","Cu","T109",6,17,0,0,0,0
"918","Cu","T110",4,0,0,0,0,0
"919","Cu","T111",4,0,0,0,0,0
"920","Cu","T112",3,33,0,0,0,0
"921","Cu","T113",6,0,0,0,0,0
"922","Cu","T114",5,0,0,0,0,0
"923","Cu","T115",1,0,0,0,0,0
"924","Cu","T116",4,0,0,0,0,0
"925","Cu","T117",5,0,0,0,0,0
"926","Cu","T118",2,0,0,0,0,0
"927","Cu","T119",1,0,0,0,0,0
"928","Cu","T120",4,0,0,0,0,0
"929","Cu","T121",6,0,0,0,0,0
"930","Cu","T122",6,0,0,0,0,0
"931","Cu","T123",4,0,0,0,0,0
"932","Cu","T127",3,0,0,0,0,0
"933","Cu","T128",6,0,0,0,0,0
"934","Cu","T129",2,0,0,0,0,0
"935","Cu","T132",4,0,0,0,0,0
"936","Cu","T133",2,0,0,0,0,0
"937","Cu","T134",1,0,0,0,0,0
"938","Cu","T135",1,100,0,0,100,0
"939","Cu","T137",3,0,0,0,0,0
"940","Cu","T138",5,0,0,0,0,0
"941","Cu","T141",5,0,0,0,0,0
"942","Cu","T142",3,33,0,0,33,0
"943","Cu","T143",5,0,0,0,0,0
"944","Cu","T144",2,0,0,0,0,0
"945","Cu","T146",3,0,0,0,0,0
"946","Cu","T149",1,0,0,0,0,0
"947","Cu","T150",2,50,0,0,0,0
"948","Cu","T151",1,0,0,0,0,0
"949","Cu","T152",4,0,0,0,0,0
"950","Cu","T153",4,0,0,0,0,0
"951","Cu","T154",6,0,0,0,0,0
"952","Cu","T155",1,0,0,0,0,0
"953","Cu","T156",6,0,0,0,0,0
"954","Cu","T157",5,0,0,0,0,0
"955","Cu","T158",4,0,0,0,0,0
"956","Cu","T159",5,0,0,0,0,0
"957","Cu","T160",5,0,0,0,0,0
"958","Cu","T161",4,0,0,0,0,0
"959","Cu","T162",3,0,0,0,0,0
"960","Cu","T163",6,0,0,0,0,0
"961","Cu","T164",4,0,0,0,0,0
"962","Cu","T166",4,0,0,0,0,0
"963","Cu","T169",6,0,0,0,0,0
"964","Cu","T170",3,0,0,0,0,0
"965","Cu","T172",4,0,0,0,0,0
"966","Cu","T178",4,0,0,0,0,0
"967","Cu","T180",1,0,0,0,0,0
"968","Cu","T181",2,0,0,0,0,0
"969","Cu","T182",3,0,0,0,0,0
"970","Cu","T183",3,0,0,0,0,0
"971","Cu","T187",5,0,0,0,0,0
"972","Cu","T188",5,0,0,0,0,0
"973","Cu","T190",1,0,0,0,0,0
"974","Cu","T192",4,0,0,0,0,0
"975","Cu","T193",3,0,0,0,0,0
"976","Cu","T194",3,0,0,0,0,0
"977","Cu","T198",5,0,0,0,0,0
"978","Cu","T199",5,0,0,0,0,0
"979","Fe","D302",2,0,0,NA,0,NA
"980","Fe","D303",2,0,0,NA,0,NA
"981","Fe","D304",1,0,0,NA,0,NA
"982","Fe","D305",6,0,33,NA,33,NA
"983","Fe","D306",1,0,0,NA,0,NA
"984","Fe","D307",3,0,0,NA,0,NA
"985","Fe","D308",6,0,0,NA,0,NA
"986","Fe","D309",3,0,0,NA,0,NA
"987","Fe","D310",1,0,0,NA,0,NA
"988","Fe","D311",4,0,0,NA,0,NA
"989","Fe","D312",2,0,0,NA,0,NA
"990","Fe","D315",2,0,0,NA,0,NA
"991","Fe","D316",2,0,0,NA,0,NA
"992","Fe","D317",6,0,0,NA,0,NA
"993","Fe","D319",2,0,0,NA,0,NA
"994","Fe","D321",6,0,0,NA,0,NA
"995","Fe","D325",2,0,0,NA,0,NA
"996","Fe","D326",2,0,0,NA,0,NA
"997","Fe","G400",6,0,0,NA,0,NA
"998","Fe","G401",5,0,0,NA,0,NA
"999","Fe","G402",7,0,0,NA,0,NA
"1000","Fe","G403",6,0,0,NA,0,NA
"1001","Fe","G404",5,0,0,NA,0,NA
"1002","Fe","G405",5,0,0,NA,0,NA
"1003","Fe","G407",5,0,0,NA,0,NA
"1004","Fe","G408",2,0,0,NA,0,NA
"1005","Fe","G409",2,0,0,NA,0,NA
"1006","Fe","G410",5,0,0,NA,0,NA
"1007","Fe","G412",6,0,0,NA,0,NA
"1008","Fe","G413",6,0,0,NA,0,NA
"1009","Fe","G414",6,0,0,NA,0,NA
"1010","Fe","G415",6,0,0,NA,0,NA
"1011","Fe","G416",4,0,0,NA,0,NA
"1012","Fe","G417",5,0,20,NA,20,NA
"1013","Fe","G418",5,0,20,NA,20,NA
"1014","Fe","G419",3,0,33,NA,33,NA
"1015","Fe","G420",5,0,0,NA,0,NA
"1016","Fe","G422",5,0,0,NA,0,NA
"1017","Fe","G424",4,0,0,NA,0,NA
"1018","Fe","G425",4,0,0,NA,0,NA
"1019","Fe","G426",5,0,0,NA,0,NA
"1020","Fe","G427",5,0,0,NA,0,NA
"1021","Fe","G428",5,0,20,NA,20,NA
"1022","Fe","G429",1,0,0,NA,0,NA
"1023","Fe","H203",5,0,20,NA,20,NA
"1024","Fe","H204",5,0,0,NA,0,NA
"1025","Fe","H205",3,0,0,NA,0,NA
"1026","Fe","H206",6,0,0,NA,0,NA
"1027","Fe","H208",7,0,0,NA,0,NA
"1028","Fe","H209",5,0,0,NA,0,NA
"1029","Fe","H210",6,0,0,NA,0,NA
"1030","Fe","H211",4,0,0,NA,0,NA
"1031","Fe","H212",2,0,0,NA,0,NA
"1032","Fe","H213",4,0,0,NA,0,NA
"1033","Fe","H214",5,0,0,NA,0,NA
"1034","Fe","H215",5,0,20,NA,20,NA
"1035","Fe","H216",5,0,0,NA,0,NA
"1036","Fe","H217",5,0,0,NA,0,NA
"1037","Fe","H218",4,0,25,NA,25,NA
"1038","Fe","H219",4,0,0,NA,0,NA
"1039","Fe","H220",5,0,20,NA,20,NA
"1040","Fe","H221",6,0,0,NA,0,NA
"1041","Fe","H224",1,0,0,NA,0,NA
"1042","Fe","H225",1,0,0,NA,0,NA
"1043","Fe","T002",2,0,0,NA,0,NA
"1044","Fe","T006",1,0,0,NA,0,NA
"1045","Fe","T008",2,0,0,NA,0,NA
"1046","Fe","T009",2,0,0,NA,0,NA
"1047","Fe","T010",2,0,0,NA,0,NA
"1048","Fe","T013",1,0,100,NA,100,NA
"1049","Fe","T014",2,0,0,NA,0,NA
"1050","Fe","T015",2,0,0,NA,0,NA
"1051","Fe","T016",1,0,0,NA,0,NA
"1052","Fe","T018",2,0,0,NA,0,NA
"1053","Fe","T019",2,0,0,NA,0,NA
"1054","Fe","T020",2,0,0,NA,0,NA
"1055","Fe","T022",2,0,0,NA,0,NA
"1056","Fe","T023",2,0,0,NA,0,NA
"1057","Fe","T024",2,0,0,NA,0,NA
"1058","Fe","T025",2,0,0,NA,0,NA
"1059","Fe","T029",2,0,0,NA,0,NA
"1060","Fe","T033",1,0,0,NA,0,NA
"1061","Fe","T034",2,0,0,NA,0,NA
"1062","Fe","T035",2,0,0,NA,0,NA
"1063","Fe","T036",2,0,50,NA,50,NA
"1064","Fe","T037",1,0,0,NA,0,NA
"1065","Fe","T038",2,0,0,NA,0,NA
"1066","Fe","T039",2,0,0,NA,0,NA
"1067","Fe","T040",2,0,0,NA,0,NA
"1068","Fe","T041",1,0,0,NA,0,NA
"1069","Fe","T044",2,0,0,NA,0,NA
"1070","Fe","T046",2,0,0,NA,0,NA
"1071","Fe","T047",2,0,0,NA,0,NA
"1072","Fe","T048",1,0,0,NA,0,NA
"1073","Fe","T101",6,0,0,NA,0,NA
"1074","Fe","T102",6,0,33,NA,33,NA
"1075","Fe","T104",4,0,0,NA,0,NA
"1076","Fe","T105",1,0,0,NA,0,NA
"1077","Fe","T106",4,0,0,NA,0,NA
"1078","Fe","T107",4,0,0,NA,0,NA
"1079","Fe","T108",1,0,0,NA,0,NA
"1080","Fe","T109",6,0,33,NA,33,NA
"1081","Fe","T110",4,0,0,NA,0,NA
"1082","Fe","T111",4,0,0,NA,0,NA
"1083","Fe","T112",3,0,100,NA,100,NA
"1084","Fe","T113",6,0,0,NA,0,NA
"1085","Fe","T114",5,0,0,NA,0,NA
"1086","Fe","T115",1,0,0,NA,0,NA
"1087","Fe","T116",4,0,0,NA,0,NA
"1088","Fe","T117",5,0,0,NA,0,NA
"1089","Fe","T118",2,0,0,NA,0,NA
"1090","Fe","T119",1,0,0,NA,0,NA
"1091","Fe","T120",4,0,0,NA,0,NA
"1092","Fe","T121",6,0,0,NA,0,NA
"1093","Fe","T122",6,0,0,NA,0,NA
"1094","Fe","T123",4,0,0,NA,0,NA
"1095","Fe","T127",3,0,33,NA,33,NA
"1096","Fe","T128",6,0,0,NA,0,NA
"1097","Fe","T129",2,0,0,NA,0,NA
"1098","Fe","T132",4,0,25,NA,25,NA
"1099","Fe","T133",2,0,0,NA,0,NA
"1100","Fe","T134",1,0,0,NA,0,NA
"1101","Fe","T135",1,0,0,NA,0,NA
"1102","Fe","T137",3,0,33,NA,33,NA
"1103","Fe","T138",5,0,0,NA,0,NA
"1104","Fe","T141",5,0,0,NA,0,NA
"1105","Fe","T142",3,0,0,NA,0,NA
"1106","Fe","T143",5,0,20,NA,20,NA
"1107","Fe","T144",2,0,0,NA,0,NA
"1108","Fe","T146",3,0,33,NA,33,NA
"1109","Fe","T149",1,0,0,NA,0,NA
"1110","Fe","T150",2,0,50,NA,50,NA
"1111","Fe","T151",1,0,0,NA,0,NA
"1112","Fe","T152",4,0,0,NA,0,NA
"1113","Fe","T153",4,0,0,NA,0,NA
"1114","Fe","T154",6,0,0,NA,0,NA
"1115","Fe","T155",1,0,0,NA,0,NA
"1116","Fe","T156",6,0,0,NA,0,NA
"1117","Fe","T157",5,0,0,NA,0,NA
"1118","Fe","T158",4,0,0,NA,0,NA
"1119","Fe","T159",5,0,0,NA,0,NA
"1120","Fe","T160",5,0,0,NA,0,NA
"1121","Fe","T161",4,0,0,NA,0,NA
"1122","Fe","T162",3,0,33,NA,33,NA
"1123","Fe","T163",6,0,0,NA,0,NA
"1124","Fe","T164",4,0,0,NA,0,NA
"1125","Fe","T166",4,0,0,NA,0,NA
"1126","Fe","T169",6,0,0,NA,0,NA
"1127","Fe","T170",3,0,0,NA,0,NA
"1128","Fe","T172",4,0,0,NA,0,NA
"1129","Fe","T178",4,0,0,NA,0,NA
"1130","Fe","T180",1,0,0,NA,0,NA
"1131","Fe","T181",2,0,0,NA,0,NA
"1132","Fe","T182",3,0,0,NA,0,NA
"1133","Fe","T183",3,0,0,NA,0,NA
"1134","Fe","T187",5,0,0,NA,0,NA
"1135","Fe","T188",5,0,0,NA,0,NA
"1136","Fe","T190",1,0,0,NA,0,NA
"1137","Fe","T192",4,0,0,NA,0,NA
"1138","Fe","T193",3,0,0,NA,0,NA
"1139","Fe","T194",3,0,0,NA,0,NA
"1140","Fe","T198",5,0,0,NA,0,NA
"1141","Fe","T199",5,0,0,NA,0,NA
"1142","Mn","D302",2,0,0,0,0,0
"1143","Mn","D303",2,0,0,0,0,0
"1144","Mn","D304",1,0,0,0,0,0
"1145","Mn","D305",6,17,17,0,17,0
"1146","Mn","D306",1,0,0,0,0,0
"1147","Mn","D307",3,0,0,0,0,0
"1148","Mn","D308",6,0,0,0,0,0
"1149","Mn","D309",3,0,0,0,0,0
"1150","Mn","D310",1,0,0,0,0,0
"1151","Mn","D311",4,0,25,0,25,0
"1152","Mn","D312",2,0,0,0,0,0
"1153","Mn","D315",2,0,0,0,0,0
"1154","Mn","D316",2,0,0,0,0,0
"1155","Mn","D317",6,0,17,0,17,0
"1156","Mn","D319",2,0,0,0,0,0
"1157","Mn","D321",6,0,0,0,0,0
"1158","Mn","D325",2,0,0,0,0,0
"1159","Mn","D326",2,0,50,0,50,0
"1160","Mn","G400",6,17,17,0,17,0
"1161","Mn","G401",5,0,20,0,20,0
"1162","Mn","G402",7,0,29,0,29,0
"1163","Mn","G403",6,0,0,0,0,0
"1164","Mn","G404",5,0,0,0,0,0
"1165","Mn","G405",5,0,0,0,0,0
"1166","Mn","G407",5,0,40,0,40,0
"1167","Mn","G408",2,0,50,0,50,0
"1168","Mn","G409",2,0,0,0,0,0
"1169","Mn","G410",5,20,20,0,20,0
"1170","Mn","G412",6,0,0,0,0,0
"1171","Mn","G413",6,0,50,0,50,0
"1172","Mn","G414",6,0,0,0,0,0
"1173","Mn","G415",6,0,0,0,0,0
"1174","Mn","G416",4,0,25,0,25,0
"1175","Mn","G417",5,20,40,0,40,0
"1176","Mn","G418",5,20,60,0,60,0
"1177","Mn","G419",3,67,100,0,100,0
"1178","Mn","G420",5,0,0,0,0,0
"1179","Mn","G422",5,0,20,0,20,0
"1180","Mn","G424",4,0,0,0,0,0
"1181","Mn","G425",4,0,25,0,25,0
"1182","Mn","G426",5,0,0,0,0,0
"1183","Mn","G427",5,0,20,0,20,0
"1184","Mn","G428",5,60,100,0,100,0
"1185","Mn","G429",1,0,100,0,100,0
"1186","Mn","H203",5,0,0,0,0,0
"1187","Mn","H204",5,0,0,0,0,0
"1188","Mn","H205",3,0,0,0,0,0
"1189","Mn","H206",6,0,0,0,0,0
"1190","Mn","H208",7,0,0,0,0,0
"1191","Mn","H209",5,0,0,0,0,0
"1192","Mn","H210",6,0,17,0,17,0
"1193","Mn","H211",4,0,0,0,0,0
"1194","Mn","H212",2,0,0,0,0,0
"1195","Mn","H213",4,0,0,0,0,0
"1196","Mn","H214",5,0,0,0,0,0
"1197","Mn","H215",5,0,0,0,0,0
"1198","Mn","H216",5,0,20,0,20,0
"1199","Mn","H217",5,0,0,0,0,0
"1200","Mn","H218",4,0,25,0,25,0
"1201","Mn","H219",4,0,0,0,0,0
"1202","Mn","H220",5,0,0,0,0,0
"1203","Mn","H221",6,17,17,0,17,0
"1204","Mn","H224",1,0,0,0,0,0
"1205","Mn","H225",1,0,100,0,100,0
"1206","Mn","T002",2,0,0,0,0,0
"1207","Mn","T006",1,0,0,0,0,0
"1208","Mn","T008",2,0,0,0,0,0
"1209","Mn","T009",2,0,0,0,0,0
"1210","Mn","T010",2,0,0,0,0,0
"1211","Mn","T013",1,0,0,0,0,0
"1212","Mn","T014",2,0,0,0,0,0
"1213","Mn","T015",2,0,0,0,0,0
"1214","Mn","T016",1,0,0,0,0,0
"1215","Mn","T018",2,0,0,0,0,0
"1216","Mn","T019",2,0,0,0,0,0
"1217","Mn","T020",2,0,0,0,0,0
"1218","Mn","T022",2,0,0,0,0,0
"1219","Mn","T023",2,0,0,0,0,0
"1220","Mn","T024",2,0,0,0,0,0
"1221","Mn","T025",2,0,0,0,0,0
"1222","Mn","T029",2,0,50,0,50,0
"1223","Mn","T033",1,0,0,0,0,0
"1224","Mn","T034",2,0,0,0,0,0
"1225","Mn","T035",2,0,0,0,0,0
"1226","Mn","T036",2,0,0,0,0,0
"1227","Mn","T037",1,0,0,0,0,0
"1228","Mn","T038",2,0,0,0,0,0
"1229","Mn","T039",2,0,0,0,0,0
"1230","Mn","T040",2,0,0,0,0,0
"1231","Mn","T041",1,0,0,0,0,0
"1232","Mn","T044",2,0,0,0,0,0
"1233","Mn","T046",2,0,0,0,0,0
"1234","Mn","T047",2,0,0,0,0,0
"1235","Mn","T048",1,0,0,0,0,0
"1236","Mn","T101",6,0,17,0,17,0
"1237","Mn","T102",6,17,33,0,33,0
"1238","Mn","T104",4,0,0,0,0,0
"1239","Mn","T105",1,0,0,0,0,0
"1240","Mn","T106",4,0,0,0,0,0
"1241","Mn","T107",4,0,25,0,25,0
"1242","Mn","T108",1,0,0,0,0,0
"1243","Mn","T109",6,17,50,0,50,0
"1244","Mn","T110",4,0,0,0,0,0
"1245","Mn","T111",4,0,25,0,25,0
"1246","Mn","T112",3,33,67,0,67,0
"1247","Mn","T113",6,0,0,0,0,0
"1248","Mn","T114",5,0,0,0,0,0
"1249","Mn","T115",1,0,0,0,0,0
"1250","Mn","T116",4,0,0,0,0,0
"1251","Mn","T117",5,0,20,0,20,0
"1252","Mn","T118",2,0,0,0,0,0
"1253","Mn","T119",1,0,0,0,0,0
"1254","Mn","T120",4,0,0,0,0,0
"1255","Mn","T121",6,0,0,0,0,0
"1256","Mn","T122",6,0,0,0,0,0
"1257","Mn","T123",4,0,0,0,0,0
"1258","Mn","T127",3,0,33,0,33,0
"1259","Mn","T128",6,0,0,0,0,0
"1260","Mn","T129",2,0,0,0,0,0
"1261","Mn","T132",4,0,25,0,25,0
"1262","Mn","T133",2,0,0,0,0,0
"1263","Mn","T134",1,0,0,0,0,0
"1264","Mn","T135",1,0,100,0,100,0
"1265","Mn","T137",3,0,67,0,67,0
"1266","Mn","T138",5,0,20,0,20,0
"1267","Mn","T141",5,0,0,0,0,0
"1268","Mn","T142",3,0,0,0,0,0
"1269","Mn","T143",5,0,20,0,20,0
"1270","Mn","T144",2,0,0,0,0,0
"1271","Mn","T146",3,0,33,0,33,0
"1272","Mn","T149",1,0,0,0,0,0
"1273","Mn","T150",2,0,50,0,50,0
"1274","Mn","T151",1,0,0,0,0,0
"1275","Mn","T152",4,0,0,0,0,0
"1276","Mn","T153",4,0,0,0,0,0
"1277","Mn","T154",6,0,0,0,0,0
"1278","Mn","T155",1,0,0,0,0,0
"1279","Mn","T156",6,0,0,0,0,0
"1280","Mn","T157",5,0,0,0,0,0
"1281","Mn","T158",4,0,25,0,25,0
"1282","Mn","T159",5,0,0,0,0,0
"1283","Mn","T160",5,0,20,0,20,0
"1284","Mn","T161",4,0,25,0,25,0
"1285","Mn","T162",3,33,67,0,67,0
"1286","Mn","T163",6,0,17,0,17,0
"1287","Mn","T164",4,0,0,0,0,0
"1288","Mn","T166",4,0,0,0,0,0
"1289","Mn","T169",6,0,0,0,0,0
"1290","Mn","T170",3,0,0,0,0,0
"1291","Mn","T172",4,0,0,0,0,0
"1292","Mn","T178",4,0,0,0,0,0
"1293","Mn","T180",1,0,0,0,0,0
"1294","Mn","T181",2,0,0,0,0,0
"1295","Mn","T182",3,0,67,0,67,0
"1296","Mn","T183",3,0,33,0,33,0
"1297","Mn","T187",5,0,0,0,0,0
"1298","Mn","T188",5,0,0,0,0,0
"1299","Mn","T190",1,0,0,0,0,0
"1300","Mn","T192",4,0,0,0,0,0
"1301","Mn","T193",3,0,33,0,33,0
"1302","Mn","T194",3,0,0,0,0,0
"1303","Mn","T198",5,0,20,0,20,0
"1304","Mn","T199",5,0,0,0,0,0
"1305","Mo","D302",2,0,NA,NA,NA,NA
"1306","Mo","D303",2,0,NA,NA,NA,NA
"1307","Mo","D304",1,100,NA,NA,NA,NA
"1308","Mo","D305",6,17,NA,NA,NA,NA
"1309","Mo","D306",1,0,NA,NA,NA,NA
"1310","Mo","D307",3,0,NA,NA,NA,NA
"1311","Mo","D308",6,0,NA,NA,NA,NA
"1312","Mo","D309",3,0,NA,NA,NA,NA
"1313","Mo","D310",1,0,NA,NA,NA,NA
"1314","Mo","D311",4,0,NA,NA,NA,NA
"1315","Mo","D312",2,0,NA,NA,NA,NA
"1316","Mo","D315",2,0,NA,NA,NA,NA
"1317","Mo","D316",2,0,NA,NA,NA,NA
"1318","Mo","D317",6,0,NA,NA,NA,NA
"1319","Mo","D319",2,0,NA,NA,NA,NA
"1320","Mo","D321",6,0,NA,NA,NA,NA
"1321","Mo","D325",2,0,NA,NA,NA,NA
"1322","Mo","D326",2,0,NA,NA,NA,NA
"1323","Mo","G400",6,0,NA,NA,NA,NA
"1324","Mo","G401",5,0,NA,NA,NA,NA
"1325","Mo","G402",7,0,NA,NA,NA,NA
"1326","Mo","G403",6,0,NA,NA,NA,NA
"1327","Mo","G404",5,0,NA,NA,NA,NA
"1328","Mo","G405",5,0,NA,NA,NA,NA
"1329","Mo","G407",5,0,NA,NA,NA,NA
"1330","Mo","G408",2,0,NA,NA,NA,NA
"1331","Mo","G409",2,0,NA,NA,NA,NA
"1332","Mo","G410",5,0,NA,NA,NA,NA
"1333","Mo","G412",6,0,NA,NA,NA,NA
"1334","Mo","G413",6,0,NA,NA,NA,NA
"1335","Mo","G414",6,0,NA,NA,NA,NA
"1336","Mo","G415",6,0,NA,NA,NA,NA
"1337","Mo","G416",4,0,NA,NA,NA,NA
"1338","Mo","G417",5,0,NA,NA,NA,NA
"1339","Mo","G418",5,0,NA,NA,NA,NA
"1340","Mo","G419",3,0,NA,NA,NA,NA
"1341","Mo","G420",5,0,NA,NA,NA,NA
"1342","Mo","G422",5,0,NA,NA,NA,NA
"1343","Mo","G424",4,0,NA,NA,NA,NA
"1344","Mo","G425",4,0,NA,NA,NA,NA
"1345","Mo","G426",5,0,NA,NA,NA,NA
"1346","Mo","G427",5,0,NA,NA,NA,NA
"1347","Mo","G428",5,0,NA,NA,NA,NA
"1348","Mo","G429",1,0,NA,NA,NA,NA
"1349","Mo","H203",5,0,NA,NA,NA,NA
"1350","Mo","H204",5,0,NA,NA,NA,NA
"1351","Mo","H205",3,0,NA,NA,NA,NA
"1352","Mo","H206",6,0,NA,NA,NA,NA
"1353","Mo","H208",7,0,NA,NA,NA,NA
"1354","Mo","H209",5,0,NA,NA,NA,NA
"1355","Mo","H210",6,0,NA,NA,NA,NA
"1356","Mo","H211",4,0,NA,NA,NA,NA
"1357","Mo","H212",2,0,NA,NA,NA,NA
"1358","Mo","H213",4,0,NA,NA,NA,NA
"1359","Mo","H214",5,0,NA,NA,NA,NA
"1360","Mo","H215",5,0,NA,NA,NA,NA
"1361","Mo","H216",5,0,NA,NA,NA,NA
"1362","Mo","H217",5,0,NA,NA,NA,NA
"1363","Mo","H218",4,0,NA,NA,NA,NA
"1364","Mo","H219",4,25,NA,NA,NA,NA
"1365","Mo","H220",5,0,NA,NA,NA,NA
"1366","Mo","H221",6,17,NA,NA,NA,NA
"1367","Mo","H224",1,100,NA,NA,NA,NA
"1368","Mo","H225",1,100,NA,NA,NA,NA
"1369","Mo","T002",2,0,NA,NA,NA,NA
"1370","Mo","T006",1,0,NA,NA,NA,NA
"1371","Mo","T008",2,0,NA,NA,NA,NA
"1372","Mo","T009",2,0,NA,NA,NA,NA
"1373","Mo","T010",2,0,NA,NA,NA,NA
"1374","Mo","T013",1,0,NA,NA,NA,NA
"1375","Mo","T014",2,0,NA,NA,NA,NA
"1376","Mo","T015",2,0,NA,NA,NA,NA
"1377","Mo","T016",1,0,NA,NA,NA,NA
"1378","Mo","T018",2,0,NA,NA,NA,NA
"1379","Mo","T019",2,0,NA,NA,NA,NA
"1380","Mo","T020",2,0,NA,NA,NA,NA
"1381","Mo","T022",2,0,NA,NA,NA,NA
"1382","Mo","T023",2,0,NA,NA,NA,NA
"1383","Mo","T024",2,0,NA,NA,NA,NA
"1384","Mo","T025",2,0,NA,NA,NA,NA
"1385","Mo","T029",2,50,NA,NA,NA,NA
"1386","Mo","T033",1,0,NA,NA,NA,NA
"1387","Mo","T034",2,0,NA,NA,NA,NA
"1388","Mo","T035",2,0,NA,NA,NA,NA
"1389","Mo","T036",2,0,NA,NA,NA,NA
"1390","Mo","T037",1,0,NA,NA,NA,NA
"1391","Mo","T038",2,0,NA,NA,NA,NA
"1392","Mo","T039",2,0,NA,NA,NA,NA
"1393","Mo","T040",2,0,NA,NA,NA,NA
"1394","Mo","T041",1,0,NA,NA,NA,NA
"1395","Mo","T044",2,0,NA,NA,NA,NA
"1396","Mo","T046",2,0,NA,NA,NA,NA
"1397","Mo","T047",2,0,NA,NA,NA,NA
"1398","Mo","T048",1,0,NA,NA,NA,NA
"1399","Mo","T101",6,0,NA,NA,NA,NA
"1400","Mo","T102",6,0,NA,NA,NA,NA
"1401","Mo","T104",4,0,NA,NA,NA,NA
"1402","Mo","T105",1,0,NA,NA,NA,NA
"1403","Mo","T106",4,0,NA,NA,NA,NA
"1404","Mo","T107",4,0,NA,NA,NA,NA
"1405","Mo","T108",1,0,NA,NA,NA,NA
"1406","Mo","T109",6,17,NA,NA,NA,NA
"1407","Mo","T110",4,0,NA,NA,NA,NA
"1408","Mo","T111",4,0,NA,NA,NA,NA
"1409","Mo","T112",3,0,NA,NA,NA,NA
"1410","Mo","T113",6,67,NA,NA,NA,NA
"1411","Mo","T114",5,0,NA,NA,NA,NA
"1412","Mo","T115",1,0,NA,NA,NA,NA
"1413","Mo","T116",4,0,NA,NA,NA,NA
"1414","Mo","T117",5,0,NA,NA,NA,NA
"1415","Mo","T118",2,0,NA,NA,NA,NA
"1416","Mo","T119",1,0,NA,NA,NA,NA
"1417","Mo","T120",4,0,NA,NA,NA,NA
"1418","Mo","T121",6,0,NA,NA,NA,NA
"1419","Mo","T122",6,0,NA,NA,NA,NA
"1420","Mo","T123",4,0,NA,NA,NA,NA
"1421","Mo","T127",3,0,NA,NA,NA,NA
"1422","Mo","T128",6,33,NA,NA,NA,NA
"1423","Mo","T129",2,0,NA,NA,NA,NA
"1424","Mo","T132",4,0,NA,NA,NA,NA
"1425","Mo","T133",2,0,NA,NA,NA,NA
"1426","Mo","T134",1,0,NA,NA,NA,NA
"1427","Mo","T135",1,0,NA,NA,NA,NA
"1428","Mo","T137",3,0,NA,NA,NA,NA
"1429","Mo","T138",5,0,NA,NA,NA,NA
"1430","Mo","T141",5,0,NA,NA,NA,NA
"1431","Mo","T142",3,0,NA,NA,NA,NA
"1432","Mo","T143",5,0,NA,NA,NA,NA
"1433","Mo","T144",2,0,NA,NA,NA,NA
"1434","Mo","T146",3,0,NA,NA,NA,NA
"1435","Mo","T149",1,0,NA,NA,NA,NA
"1436","Mo","T150",2,0,NA,NA,NA,NA
"1437","Mo","T151",1,0,NA,NA,NA,NA
"1438","Mo","T152",4,0,NA,NA,NA,NA
"1439","Mo","T153",4,50,NA,NA,NA,NA
"1440","Mo","T154",6,0,NA,NA,NA,NA
"1441","Mo","T155",1,0,NA,NA,NA,NA
"1442","Mo","T156",6,0,NA,NA,NA,NA
"1443","Mo","T157",5,0,NA,NA,NA,NA
"1444","Mo","T158",4,0,NA,NA,NA,NA
"1445","Mo","T159",5,0,NA,NA,NA,NA
"1446","Mo","T160",5,0,NA,NA,NA,NA
"1447","Mo","T161",4,0,NA,NA,NA,NA
"1448","Mo","T162",3,0,NA,NA,NA,NA
"1449","Mo","T163",6,0,NA,NA,NA,NA
"1450","Mo","T164",4,0,NA,NA,NA,NA
"1451","Mo","T166",4,25,NA,NA,NA,NA
"1452","Mo","T169",6,0,NA,NA,NA,NA
"1453","Mo","T170",3,0,NA,NA,NA,NA
"1454","Mo","T172",4,0,NA,NA,NA,NA
"1455","Mo","T178",4,0,NA,NA,NA,NA
"1456","Mo","T180",1,0,NA,NA,NA,NA
"1457","Mo","T181",2,0,NA,NA,NA,NA
"1458","Mo","T182",3,0,NA,NA,NA,NA
"1459","Mo","T183",3,0,NA,NA,NA,NA
"1460","Mo","T187",5,0,NA,NA,NA,NA
"1461","Mo","T188",5,0,NA,NA,NA,NA
"1462","Mo","T190",1,0,NA,NA,NA,NA
"1463","Mo","T192",4,0,NA,NA,NA,NA
"1464","Mo","T193",3,0,NA,NA,NA,NA
"1465","Mo","T194",3,0,NA,NA,NA,NA
"1466","Mo","T198",5,0,NA,NA,NA,NA
"1467","Mo","T199",5,0,NA,NA,NA,NA
"1468","Ni","D302",2,0,0,0,NA,0
"1469","Ni","D303",2,0,0,0,NA,0
"1470","Ni","D304",1,0,0,0,NA,0
"1471","Ni","D305",6,0,0,0,NA,0
"1472","Ni","D306",1,0,0,0,NA,0
"1473","Ni","D307",3,0,0,0,NA,0
"1474","Ni","D308",6,0,0,0,NA,0
"1475","Ni","D309",3,0,0,0,NA,0
"1476","Ni","D310",1,0,0,0,NA,0
"1477","Ni","D311",4,0,0,0,NA,0
"1478","Ni","D312",2,0,0,0,NA,0
"1479","Ni","D315",2,0,0,0,NA,0
"1480","Ni","D316",2,0,0,0,NA,0
"1481","Ni","D317",6,0,0,0,NA,0
"1482","Ni","D319",2,0,0,0,NA,0
"1483","Ni","D321",6,0,0,0,NA,0
"1484","Ni","D325",2,0,0,0,NA,0
"1485","Ni","D326",2,0,0,0,NA,0
"1486","Ni","G400",6,0,0,0,NA,0
"1487","Ni","G401",5,0,0,0,NA,0
"1488","Ni","G402",7,0,0,0,NA,0
"1489","Ni","G403",6,0,0,0,NA,0
"1490","Ni","G404",5,0,0,0,NA,0
"1491","Ni","G405",5,0,0,0,NA,0
"1492","Ni","G407",5,0,0,0,NA,0
"1493","Ni","G408",2,0,0,0,NA,0
"1494","Ni","G409",2,0,0,0,NA,0
"1495","Ni","G410",5,0,0,0,NA,0
"1496","Ni","G412",6,0,0,0,NA,0
"1497","Ni","G413",6,0,0,0,NA,0
"1498","Ni","G414",6,0,0,0,NA,0
"1499","Ni","G415",6,0,0,0,NA,0
"1500","Ni","G416",4,0,0,0,NA,0
"1501","Ni","G417",5,0,0,0,NA,0
"1502","Ni","G418",5,0,0,0,NA,0
"1503","Ni","G419",3,0,0,0,NA,0
"1504","Ni","G420",5,0,0,0,NA,0
"1505","Ni","G422",5,20,20,0,NA,0
"1506","Ni","G424",4,0,0,0,NA,0
"1507","Ni","G425",4,0,0,0,NA,0
"1508","Ni","G426",5,0,0,0,NA,0
"1509","Ni","G427",5,20,20,0,NA,0
"1510","Ni","G428",5,0,0,0,NA,0
"1511","Ni","G429",1,0,0,0,NA,0
"1512","Ni","H203",5,0,0,0,NA,0
"1513","Ni","H204",5,0,0,0,NA,0
"1514","Ni","H205",3,0,0,0,NA,0
"1515","Ni","H206",6,0,0,0,NA,0
"1516","Ni","H208",7,0,0,0,NA,0
"1517","Ni","H209",5,0,0,0,NA,0
"1518","Ni","H210",6,0,0,0,NA,0
"1519","Ni","H211",4,0,0,0,NA,0
"1520","Ni","H212",2,0,0,0,NA,0
"1521","Ni","H213",4,0,0,0,NA,0
"1522","Ni","H214",5,0,0,0,NA,0
"1523","Ni","H215",5,0,0,0,NA,0
"1524","Ni","H216",5,0,0,0,NA,0
"1525","Ni","H217",5,0,0,0,NA,0
"1526","Ni","H218",4,0,0,0,NA,0
"1527","Ni","H219",4,0,0,0,NA,0
"1528","Ni","H220",5,0,0,0,NA,0
"1529","Ni","H221",6,0,0,0,NA,0
"1530","Ni","H224",1,0,0,0,NA,0
"1531","Ni","H225",1,0,0,0,NA,0
"1532","Ni","T002",2,0,0,0,NA,0
"1533","Ni","T006",1,0,0,0,NA,0
"1534","Ni","T008",2,0,0,0,NA,0
"1535","Ni","T009",2,0,0,0,NA,0
"1536","Ni","T010",2,0,0,0,NA,0
"1537","Ni","T013",1,0,0,0,NA,0
"1538","Ni","T014",2,0,0,0,NA,0
"1539","Ni","T015",2,0,0,0,NA,0
"1540","Ni","T016",1,0,0,0,NA,0
"1541","Ni","T018",2,0,0,0,NA,0
"1542","Ni","T019",2,0,0,0,NA,0
"1543","Ni","T020",2,0,0,0,NA,0
"1544","Ni","T022",2,0,0,0,NA,0
"1545","Ni","T023",2,0,0,0,NA,0
"1546","Ni","T024",2,0,0,0,NA,0
"1547","Ni","T025",2,0,0,0,NA,0
"1548","Ni","T029",2,0,0,0,NA,0
"1549","Ni","T033",1,0,0,0,NA,0
"1550","Ni","T034",2,0,0,0,NA,0
"1551","Ni","T035",2,0,0,0,NA,0
"1552","Ni","T036",2,0,0,0,NA,0
"1553","Ni","T037",1,0,0,0,NA,0
"1554","Ni","T038",2,0,0,0,NA,0
"1555","Ni","T039",2,0,0,0,NA,0
"1556","Ni","T040",2,0,0,0,NA,0
"1557","Ni","T041",1,0,0,0,NA,0
"1558","Ni","T044",2,0,0,0,NA,0
"1559","Ni","T046",2,0,0,0,NA,0
"1560","Ni","T047",2,0,0,0,NA,0
"1561","Ni","T048",1,0,0,0,NA,0
"1562","Ni","T101",6,0,0,0,NA,0
"1563","Ni","T102",6,0,0,0,NA,0
"1564","Ni","T104",4,0,0,0,NA,0
"1565","Ni","T105",1,0,0,0,NA,0
"1566","Ni","T106",4,0,0,0,NA,0
"1567","Ni","T107",4,0,0,0,NA,0
"1568","Ni","T108",1,0,0,0,NA,0
"1569","Ni","T109",6,0,0,0,NA,0
"1570","Ni","T110",4,0,0,0,NA,0
"1571","Ni","T111",4,0,0,0,NA,0
"1572","Ni","T112",3,0,0,0,NA,0
"1573","Ni","T113",6,0,0,0,NA,0
"1574","Ni","T114",5,0,0,0,NA,0
"1575","Ni","T115",1,0,0,0,NA,0
"1576","Ni","T116",4,0,0,0,NA,0
"1577","Ni","T117",5,0,0,0,NA,0
"1578","Ni","T118",2,0,0,0,NA,0
"1579","Ni","T119",1,0,0,0,NA,0
"1580","Ni","T120",4,0,0,0,NA,0
"1581","Ni","T121",6,0,0,0,NA,0
"1582","Ni","T122",6,0,0,0,NA,0
"1583","Ni","T123",4,0,0,0,NA,0
"1584","Ni","T127",3,0,0,0,NA,0
"1585","Ni","T128",6,0,0,0,NA,0
"1586","Ni","T129",2,0,0,0,NA,0
"1587","Ni","T132",4,0,0,0,NA,0
"1588","Ni","T133",2,0,0,0,NA,0
"1589","Ni","T134",1,0,0,0,NA,0
"1590","Ni","T135",1,0,0,0,NA,0
"1591","Ni","T137",3,0,0,0,NA,0
"1592","Ni","T138",5,0,0,0,NA,0
"1593","Ni","T141",5,0,0,0,NA,0
"1594","Ni","T142",3,0,0,0,NA,0
"1595","Ni","T143",5,0,0,0,NA,0
"1596","Ni","T144",2,0,0,0,NA,0
"1597","Ni","T146",3,0,0,0,NA,0
"1598","Ni","T149",1,0,0,0,NA,0
"1599","Ni","T150",2,0,0,0,NA,0
"1600","Ni","T151",1,0,0,0,NA,0
"1601","Ni","T152",4,0,0,0,NA,0
"1602","Ni","T153",4,0,0,0,NA,0
"1603","Ni","T154",6,0,0,0,NA,0
"1604","Ni","T155",1,0,0,0,NA,0
"1605","Ni","T156",6,0,0,0,NA,0
"1606","Ni","T157",5,0,0,0,NA,0
"1607","Ni","T158",4,0,0,0,NA,0
"1608","Ni","T159",5,0,0,0,NA,0
"1609","Ni","T160",5,0,0,0,NA,0
"1610","Ni","T161",4,0,0,0,NA,0
"1611","Ni","T162",3,0,0,0,NA,0
"1612","Ni","T163",6,0,0,0,NA,0
"1613","Ni","T164",4,0,0,0,NA,0
"1614","Ni","T166",4,0,0,0,NA,0
"1615","Ni","T169",6,0,0,0,NA,0
"1616","Ni","T170",3,0,0,0,NA,0
"1617","Ni","T172",4,0,0,0,NA,0
"1618","Ni","T178",4,0,0,0,NA,0
"1619","Ni","T180",1,0,0,0,NA,0
"1620","Ni","T181",2,0,0,0,NA,0
"1621","Ni","T182",3,0,0,0,NA,0
"1622","Ni","T183",3,0,0,0,NA,0
"1623","Ni","T187",5,0,0,0,NA,0
"1624","Ni","T188",5,0,0,0,NA,0
"1625","Ni","T190",1,0,0,0,NA,0
"1626","Ni","T192",4,0,0,0,NA,0
"1627","Ni","T193",3,0,0,0,NA,0
"1628","Ni","T194",3,0,0,0,NA,0
"1629","Ni","T198",5,0,0,0,NA,0
"1630","Ni","T199",5,0,0,0,NA,0
"1631","Pb","D302",2,0,0,0,0,0
"1632","Pb","D303",2,0,0,0,0,0
"1633","Pb","D304",1,0,0,0,0,0
"1634","Pb","D305",6,0,0,0,0,0
"1635","Pb","D306",1,0,0,0,0,0
"1636","Pb","D307",3,0,0,0,0,0
"1637","Pb","D308",6,0,0,0,0,0
"1638","Pb","D309",3,0,0,0,0,0
"1639","Pb","D310",1,0,0,0,0,0
"1640","Pb","D311",4,0,0,0,0,0
"1641","Pb","D312",2,0,0,0,0,0
"1642","Pb","D315",2,0,0,0,0,0
"1643","Pb","D316",2,0,0,0,0,0
"1644","Pb","D317",6,0,0,0,0,0
"1645","Pb","D319",2,0,0,0,0,0
"1646","Pb","D321",6,0,0,0,0,0
"1647","Pb","D325",2,0,0,0,0,0
"1648","Pb","D326",2,0,0,0,0,0
"1649","Pb","G400",6,0,17,17,0,17
"1650","Pb","G401",5,0,0,0,0,0
"1651","Pb","G402",7,0,0,0,0,0
"1652","Pb","G403",6,0,0,0,0,0
"1653","Pb","G404",5,0,0,0,0,0
"1654","Pb","G405",5,0,0,0,0,0
"1655","Pb","G407",5,0,0,0,0,0
"1656","Pb","G408",2,0,50,50,0,50
"1657","Pb","G409",2,0,0,0,0,0
"1658","Pb","G410",5,0,0,0,0,0
"1659","Pb","G412",6,0,0,0,0,0
"1660","Pb","G413",6,0,0,0,0,0
"1661","Pb","G414",6,0,0,0,0,0
"1662","Pb","G415",6,0,0,0,0,0
"1663","Pb","G416",4,0,0,0,0,0
"1664","Pb","G417",5,0,0,0,0,0
"1665","Pb","G418",5,0,0,0,0,0
"1666","Pb","G419",3,0,0,0,0,0
"1667","Pb","G420",5,0,0,0,0,0
"1668","Pb","G422",5,0,0,0,0,0
"1669","Pb","G424",4,0,0,0,0,0
"1670","Pb","G425",4,0,0,0,0,0
"1671","Pb","G426",5,0,0,0,0,0
"1672","Pb","G427",5,0,0,0,0,0
"1673","Pb","G428",5,0,0,0,0,0
"1674","Pb","G429",1,0,0,0,0,0
"1675","Pb","H203",5,0,0,0,0,0
"1676","Pb","H204",5,0,0,0,0,0
"1677","Pb","H205",3,0,0,0,0,0
"1678","Pb","H206",6,0,0,0,0,0
"1679","Pb","H208",7,0,0,0,0,0
"1680","Pb","H209",5,0,0,0,0,0
"1681","Pb","H210",6,0,0,0,0,0
"1682","Pb","H211",4,0,0,0,0,0
"1683","Pb","H212",2,0,0,0,0,0
"1684","Pb","H213",4,0,0,0,0,0
"1685","Pb","H214",5,0,0,0,0,0
"1686","Pb","H215",5,0,0,0,0,0
"1687","Pb","H216",5,0,0,0,0,0
"1688","Pb","H217",5,0,20,20,0,20
"1689","Pb","H218",4,0,50,50,0,50
"1690","Pb","H219",4,0,0,0,0,0
"1691","Pb","H220",5,0,20,20,0,20
"1692","Pb","H221",6,0,0,0,0,0
"1693","Pb","H224",1,0,0,0,0,0
"1694","Pb","H225",1,0,100,100,0,100
"1695","Pb","T002",2,0,0,0,0,0
"1696","Pb","T006",1,0,0,0,0,0
"1697","Pb","T008",2,0,0,0,0,0
"1698","Pb","T009",2,0,0,0,0,0
"1699","Pb","T010",2,0,0,0,0,0
"1700","Pb","T013",1,0,100,100,100,100
"1701","Pb","T014",2,0,0,0,0,0
"1702","Pb","T015",2,0,0,0,0,0
"1703","Pb","T016",1,0,0,0,0,0
"1704","Pb","T018",2,0,0,0,0,0
"1705","Pb","T019",2,0,0,0,0,0
"1706","Pb","T020",2,0,0,0,0,0
"1707","Pb","T022",2,0,0,0,0,0
"1708","Pb","T023",2,0,0,0,0,0
"1709","Pb","T024",2,0,50,50,0,50
"1710","Pb","T025",2,0,0,0,0,0
"1711","Pb","T029",2,0,0,0,0,0
"1712","Pb","T033",1,0,0,0,0,0
"1713","Pb","T034",2,0,0,0,0,0
"1714","Pb","T035",2,0,0,0,0,0
"1715","Pb","T036",2,0,0,0,0,0
"1716","Pb","T037",1,0,0,0,0,0
"1717","Pb","T038",2,0,0,0,0,0
"1718","Pb","T039",2,0,0,0,0,0
"1719","Pb","T040",2,0,0,0,0,0
"1720","Pb","T041",1,0,0,0,0,0
"1721","Pb","T044",2,0,0,0,0,0
"1722","Pb","T046",2,0,0,0,0,0
"1723","Pb","T047",2,0,0,0,0,0
"1724","Pb","T048",1,0,0,0,0,0
"1725","Pb","T101",6,0,17,17,0,17
"1726","Pb","T102",6,0,0,0,0,0
"1727","Pb","T104",4,0,0,0,0,0
"1728","Pb","T105",1,0,0,0,0,0
"1729","Pb","T106",4,0,0,0,0,0
"1730","Pb","T107",4,0,25,25,0,25
"1731","Pb","T108",1,0,0,0,0,0
"1732","Pb","T109",6,0,17,17,0,17
"1733","Pb","T110",4,0,0,0,0,0
"1734","Pb","T111",4,0,0,0,0,0
"1735","Pb","T112",3,0,33,33,0,33
"1736","Pb","T113",6,0,0,0,0,0
"1737","Pb","T114",5,0,0,0,0,0
"1738","Pb","T115",1,0,0,0,0,0
"1739","Pb","T116",4,0,0,0,0,0
"1740","Pb","T117",5,0,0,0,0,0
"1741","Pb","T118",2,0,0,0,0,0
"1742","Pb","T119",1,0,0,0,0,0
"1743","Pb","T120",4,0,0,0,0,0
"1744","Pb","T121",6,0,0,0,0,0
"1745","Pb","T122",6,0,0,0,0,0
"1746","Pb","T123",4,0,0,0,0,0
"1747","Pb","T127",3,0,0,0,0,0
"1748","Pb","T128",6,0,0,0,0,0
"1749","Pb","T129",2,0,0,0,0,0
"1750","Pb","T132",4,0,0,0,0,0
"1751","Pb","T133",2,0,0,0,0,0
"1752","Pb","T134",1,0,0,0,0,0
"1753","Pb","T135",1,0,0,0,0,0
"1754","Pb","T137",3,0,0,0,0,0
"1755","Pb","T138",5,0,0,0,0,0
"1756","Pb","T141",5,0,0,0,0,0
"1757","Pb","T142",3,0,67,67,33,67
"1758","Pb","T143",5,0,0,0,0,0
"1759","Pb","T144",2,0,0,0,0,0
"1760","Pb","T146",3,0,0,0,0,0
"1761","Pb","T149",1,0,0,0,0,0
"1762","Pb","T150",2,0,0,0,0,0
"1763","Pb","T151",1,0,0,0,0,0
"1764","Pb","T152",4,0,0,0,0,0
"1765","Pb","T153",4,0,0,0,0,0
"1766","Pb","T154",6,0,0,0,0,0
"1767","Pb","T155",1,0,0,0,0,0
"1768","Pb","T156",6,0,0,0,0,0
"1769","Pb","T157",5,0,0,0,0,0
"1770","Pb","T158",4,0,0,0,0,0
"1771","Pb","T159",5,0,0,0,0,0
"1772","Pb","T160",5,0,0,0,0,0
"1773","Pb","T161",4,0,0,0,0,0
"1774","Pb","T162",3,0,33,33,0,33
"1775","Pb","T163",6,0,0,0,0,0
"1776","Pb","T164",4,0,0,0,0,0
"1777","Pb","T166",4,0,0,0,0,0
"1778","Pb","T169",6,0,0,0,0,0
"1779","Pb","T170",3,0,0,0,0,0
"1780","Pb","T172",4,0,0,0,0,0
"1781","Pb","T178",4,0,0,0,0,0
"1782","Pb","T180",1,0,0,0,0,0
"1783","Pb","T181",2,0,0,0,0,0
"1784","Pb","T182",3,0,0,0,0,0
"1785","Pb","T183",3,0,33,33,0,33
"1786","Pb","T187",5,0,20,20,0,20
"1787","Pb","T188",5,0,0,0,0,0
"1788","Pb","T190",1,0,0,0,0,0
"1789","Pb","T192",4,0,0,0,0,0
"1790","Pb","T193",3,0,0,0,0,0
"1791","Pb","T194",3,0,0,0,0,0
"1792","Pb","T198",5,0,0,0,0,0
"1793","Pb","T199",5,0,0,0,0,0
"1794","Se","D302",2,0,0,0,0,0
"1795","Se","D303",2,0,0,0,0,0
"1796","Se","D304",1,0,0,0,0,0
"1797","Se","D305",6,0,0,0,0,0
"1798","Se","D306",1,0,0,0,0,0
"1799","Se","D307",3,0,0,0,0,0
"1800","Se","D308",6,0,0,0,0,0
"1801","Se","D309",3,0,0,0,0,0
"1802","Se","D310",1,0,0,0,0,0
"1803","Se","D311",4,0,0,0,0,0
"1804","Se","D312",2,0,0,0,0,0
"1805","Se","D315",2,0,0,0,0,0
"1806","Se","D316",2,0,0,0,0,0
"1807","Se","D317",6,0,0,0,0,0
"1808","Se","D319",2,0,0,0,0,0
"1809","Se","D321",6,0,0,0,0,0
"1810","Se","D325",2,0,0,0,0,0
"1811","Se","D326",2,0,0,0,0,0
"1812","Se","G400",6,0,0,0,0,0
"1813","Se","G401",5,0,0,0,0,0
"1814","Se","G402",7,0,0,0,0,0
"1815","Se","G403",6,0,0,0,0,0
"1816","Se","G404",5,0,0,0,0,0
"1817","Se","G405",5,0,0,0,0,0
"1818","Se","G407",5,0,0,0,0,0
"1819","Se","G408",2,0,0,0,0,0
"1820","Se","G409",2,0,0,0,0,0
"1821","Se","G410",5,0,0,0,0,0
"1822","Se","G412",6,0,0,0,0,0
"1823","Se","G413",6,0,0,0,0,0
"1824","Se","G414",6,0,0,0,0,0
"1825","Se","G415",6,0,0,0,0,0
"1826","Se","G416",4,0,0,0,0,0
"1827","Se","G417",5,0,0,0,0,0
"1828","Se","G418",5,0,0,0,0,0
"1829","Se","G419",3,0,0,0,0,0
"1830","Se","G420",5,0,0,0,0,0
"1831","Se","G422",5,0,0,0,0,0
"1832","Se","G424",4,0,0,0,0,0
"1833","Se","G425",4,0,0,0,0,0
"1834","Se","G426",5,0,0,0,0,0
"1835","Se","G427",5,0,0,0,0,0
"1836","Se","G428",5,0,0,0,0,0
"1837","Se","G429",1,0,0,0,0,0
"1838","Se","H203",5,0,0,0,0,0
"1839","Se","H204",5,0,0,0,0,0
"1840","Se","H205",3,0,0,0,0,0
"1841","Se","H206",6,0,0,0,0,0
"1842","Se","H208",7,0,0,0,0,0
"1843","Se","H209",5,0,0,0,0,0
"1844","Se","H210",6,0,0,0,0,0
"1845","Se","H211",4,0,0,0,0,0
"1846","Se","H212",2,0,0,0,0,0
"1847","Se","H213",4,0,0,0,0,0
"1848","Se","H214",5,0,0,0,0,0
"1849","Se","H215",5,0,0,0,0,0
"1850","Se","H216",5,0,0,0,0,0
"1851","Se","H217",5,0,0,0,0,0
"1852","Se","H218",4,0,0,0,0,0
"1853","Se","H219",4,0,0,0,0,0
"1854","Se","H220",5,0,0,0,0,0
"1855","Se","H221",6,0,0,0,0,0
"1856","Se","H224",1,0,0,0,0,0
"1857","Se","H225",1,0,0,0,0,0
"1858","Se","T002",2,0,0,0,0,0
"1859","Se","T006",1,0,0,0,0,0
"1860","Se","T008",2,0,0,0,0,0
"1861","Se","T009",2,0,0,0,0,0
"1862","Se","T010",2,0,0,0,0,0
"1863","Se","T013",1,0,0,0,0,0
"1864","Se","T014",2,0,0,0,0,0
"1865","Se","T015",2,0,0,0,0,0
"1866","Se","T016",1,0,0,0,0,0
"1867","Se","T018",2,0,0,0,0,0
"1868","Se","T019",2,0,0,0,0,0
"1869","Se","T020",2,0,0,0,0,0
"1870","Se","T022",2,0,0,0,0,0
"1871","Se","T023",2,0,0,0,0,0
"1872","Se","T024",2,0,0,0,0,0
"1873","Se","T025",2,0,0,0,0,0
"1874","Se","T029",2,0,0,0,0,0
"1875","Se","T033",1,0,0,0,0,0
"1876","Se","T034",2,0,0,0,0,0
"1877","Se","T035",2,0,0,0,0,0
"1878","Se","T036",2,0,0,0,0,0
"1879","Se","T037",1,0,0,0,0,0
"1880","Se","T038",2,0,0,0,0,0
"1881","Se","T039",2,0,0,0,0,0
"1882","Se","T040",2,0,0,0,0,0
"1883","Se","T041",1,0,0,0,0,0
"1884","Se","T044",2,0,0,0,0,0
"1885","Se","T046",2,0,0,0,0,0
"1886","Se","T047",2,0,0,0,0,0
"1887","Se","T048",1,0,0,0,0,0
"1888","Se","T101",6,0,0,0,0,0
"1889","Se","T102",6,0,0,0,0,0
"1890","Se","T104",4,0,0,0,0,0
"1891","Se","T105",1,0,0,0,0,0
"1892","Se","T106",4,0,0,0,0,0
"1893","Se","T107",4,0,0,0,0,0
"1894","Se","T108",1,0,0,0,0,0
"1895","Se","T109",6,0,0,0,0,0
"1896","Se","T110",4,0,0,0,0,0
"1897","Se","T111",4,0,0,0,0,0
"1898","Se","T112",3,0,0,0,0,0
"1899","Se","T113",6,0,0,0,0,0
"1900","Se","T114",5,0,0,0,0,0
"1901","Se","T115",1,0,0,0,0,0
"1902","Se","T116",4,0,0,0,0,0
"1903","Se","T117",5,0,0,0,0,0
"1904","Se","T118",2,0,0,0,0,0
"1905","Se","T119",1,0,0,0,0,0
"1906","Se","T120",4,0,0,0,0,0
"1907","Se","T121",6,0,0,0,0,0
"1908","Se","T122",6,0,0,0,0,0
"1909","Se","T123",4,0,0,0,0,0
"1910","Se","T127",3,0,0,0,0,0
"1911","Se","T128",6,0,0,0,0,0
"1912","Se","T129",2,0,0,0,0,0
"1913","Se","T132",4,0,0,0,0,0
"1914","Se","T133",2,0,0,0,0,0
"1915","Se","T134",1,0,0,0,0,0
"1916","Se","T135",1,0,0,0,0,0
"1917","Se","T137",3,0,0,0,0,0
"1918","Se","T138",5,0,0,0,0,0
"1919","Se","T141",5,0,0,0,0,0
"1920","Se","T142",3,0,0,0,0,0
"1921","Se","T143",5,0,0,0,0,0
"1922","Se","T144",2,0,0,0,0,0
"1923","Se","T146",3,0,0,0,0,0
"1924","Se","T149",1,0,0,0,0,0
"1925","Se","T150",2,0,0,0,0,0
"1926","Se","T151",1,0,0,0,0,0
"1927","Se","T152",4,0,0,0,0,0
"1928","Se","T153",4,0,0,0,0,0
"1929","Se","T154",6,0,0,0,0,0
"1930","Se","T155",1,0,0,0,0,0
"1931","Se","T156",6,0,0,0,0,0
"1932","Se","T157",5,0,0,0,0,0
"1933","Se","T158",4,0,0,0,0,0
"1934","Se","T159",5,0,0,0,0,0
"1935","Se","T160",5,0,0,0,0,0
"1936","Se","T161",4,0,0,0,0,0
"1937","Se","T162",3,0,0,0,0,0
"1938","Se","T163",6,0,0,0,0,0
"1939","Se","T164",4,0,0,0,0,0
"1940","Se","T166",4,0,0,0,0,0
"1941","Se","T169",6,0,0,0,0,0
"1942","Se","T170",3,0,0,0,0,0
"1943","Se","T172",4,0,0,0,0,0
"1944","Se","T178",4,0,0,0,0,0
"1945","Se","T180",1,0,0,0,0,0
"1946","Se","T181",2,0,0,0,0,0
"1947","Se","T182",3,0,0,0,0,0
"1948","Se","T183",3,0,0,0,0,0
"1949","Se","T187",5,0,0,0,0,0
"1950","Se","T188",5,0,0,0,0,0
"1951","Se","T190",1,0,0,0,0,0
"1952","Se","T192",4,0,0,0,0,0
"1953","Se","T193",3,0,0,0,0,0
"1954","Se","T194",3,0,0,0,0,0
"1955","Se","T198",5,0,0,0,0,0
"1956","Se","T199",5,0,0,0,0,0
"1957","V","D302",2,0,NA,NA,0,NA
"1958","V","D303",2,0,NA,NA,0,NA
"1959","V","D304",1,0,NA,NA,0,NA
"1960","V","D305",6,0,NA,NA,0,NA
"1961","V","D306",1,0,NA,NA,0,NA
"1962","V","D307",3,0,NA,NA,0,NA
"1963","V","D308",6,0,NA,NA,0,NA
"1964","V","D309",3,0,NA,NA,0,NA
"1965","V","D310",1,0,NA,NA,0,NA
"1966","V","D311",4,0,NA,NA,0,NA
"1967","V","D312",2,0,NA,NA,0,NA
"1968","V","D315",2,0,NA,NA,0,NA
"1969","V","D316",2,0,NA,NA,0,NA
"1970","V","D317",6,0,NA,NA,0,NA
"1971","V","D319",2,0,NA,NA,0,NA
"1972","V","D321",6,0,NA,NA,0,NA
"1973","V","D325",2,0,NA,NA,0,NA
"1974","V","D326",2,0,NA,NA,0,NA
"1975","V","G400",6,0,NA,NA,0,NA
"1976","V","G401",5,0,NA,NA,0,NA
"1977","V","G402",7,0,NA,NA,0,NA
"1978","V","G403",6,0,NA,NA,0,NA
"1979","V","G404",5,0,NA,NA,0,NA
"1980","V","G405",5,0,NA,NA,0,NA
"1981","V","G407",5,0,NA,NA,0,NA
"1982","V","G408",2,0,NA,NA,0,NA
"1983","V","G409",2,0,NA,NA,0,NA
"1984","V","G410",5,0,NA,NA,0,NA
"1985","V","G412",6,0,NA,NA,0,NA
"1986","V","G413",6,0,NA,NA,0,NA
"1987","V","G414",6,0,NA,NA,0,NA
"1988","V","G415",6,0,NA,NA,0,NA
"1989","V","G416",4,0,NA,NA,0,NA
"1990","V","G417",5,0,NA,NA,0,NA
"1991","V","G418",5,0,NA,NA,0,NA
"1992","V","G419",3,0,NA,NA,0,NA
"1993","V","G420",5,0,NA,NA,0,NA
"1994","V","G422",5,0,NA,NA,0,NA
"1995","V","G424",4,0,NA,NA,0,NA
"1996","V","G425",4,0,NA,NA,0,NA
"1997","V","G426",5,0,NA,NA,0,NA
"1998","V","G427",5,0,NA,NA,0,NA
"1999","V","G428",5,0,NA,NA,0,NA
"2000","V","G429",1,0,NA,NA,0,NA
"2001","V","H203",5,0,NA,NA,0,NA
"2002","V","H204",5,0,NA,NA,0,NA
"2003","V","H205",3,0,NA,NA,0,NA
"2004","V","H206",6,0,NA,NA,0,NA
"2005","V","H208",7,0,NA,NA,0,NA
"2006","V","H209",5,0,NA,NA,0,NA
"2007","V","H210",6,0,NA,NA,0,NA
"2008","V","H211",4,0,NA,NA,0,NA
"2009","V","H212",2,0,NA,NA,0,NA
"2010","V","H213",4,0,NA,NA,0,NA
"2011","V","H214",5,0,NA,NA,0,NA
"2012","V","H215",5,0,NA,NA,0,NA
"2013","V","H216",5,0,NA,NA,0,NA
"2014","V","H217",5,0,NA,NA,0,NA
"2015","V","H218",4,0,NA,NA,0,NA
"2016","V","H219",4,0,NA,NA,0,NA
"2017","V","H220",5,0,NA,NA,0,NA
"2018","V","H221",6,0,NA,NA,0,NA
"2019","V","H224",1,0,NA,NA,0,NA
"2020","V","H225",1,0,NA,NA,0,NA
"2021","V","T002",2,0,NA,NA,0,NA
"2022","V","T006",1,0,NA,NA,0,NA
"2023","V","T008",2,0,NA,NA,0,NA
"2024","V","T009",2,0,NA,NA,0,NA
"2025","V","T010",2,0,NA,NA,0,NA
"2026","V","T013",1,0,NA,NA,0,NA
"2027","V","T014",2,0,NA,NA,0,NA
"2028","V","T015",2,0,NA,NA,0,NA
"2029","V","T016",1,0,NA,NA,0,NA
"2030","V","T018",2,0,NA,NA,0,NA
"2031","V","T019",2,0,NA,NA,0,NA
"2032","V","T020",2,0,NA,NA,0,NA
"2033","V","T022",2,0,NA,NA,0,NA
"2034","V","T023",2,0,NA,NA,0,NA
"2035","V","T024",2,0,NA,NA,0,NA
"2036","V","T025",2,0,NA,NA,0,NA
"2037","V","T029",2,0,NA,NA,0,NA
"2038","V","T033",1,0,NA,NA,0,NA
"2039","V","T034",2,0,NA,NA,0,NA
"2040","V","T035",2,0,NA,NA,0,NA
"2041","V","T036",2,0,NA,NA,0,NA
"2042","V","T037",1,0,NA,NA,0,NA
"2043","V","T038",2,0,NA,NA,0,NA
"2044","V","T039",2,0,NA,NA,0,NA
"2045","V","T040",2,0,NA,NA,0,NA
"2046","V","T041",1,0,NA,NA,0,NA
"2047","V","T044",2,0,NA,NA,0,NA
"2048","V","T046",2,0,NA,NA,0,NA
"2049","V","T047",2,0,NA,NA,0,NA
"2050","V","T048",1,0,NA,NA,0,NA
"2051","V","T101",6,0,NA,NA,0,NA
"2052","V","T102",6,0,NA,NA,0,NA
"2053","V","T104",4,0,NA,NA,0,NA
"2054","V","T105",1,0,NA,NA,0,NA
"2055","V","T106",4,0,NA,NA,0,NA
"2056","V","T107",4,0,NA,NA,0,NA
"2057","V","T108",1,0,NA,NA,0,NA
"2058","V","T109",6,0,NA,NA,0,NA
"2059","V","T110",4,0,NA,NA,0,NA
"2060","V","T111",4,0,NA,NA,0,NA
"2061","V","T112",3,0,NA,NA,0,NA
"2062","V","T113",6,0,NA,NA,0,NA
"2063","V","T114",5,0,NA,NA,0,NA
"2064","V","T115",1,0,NA,NA,0,NA
"2065","V","T116",4,0,NA,NA,0,NA
"2066","V","T117",5,0,NA,NA,0,NA
"2067","V","T118",2,0,NA,NA,0,NA
"2068","V","T119",1,0,NA,NA,0,NA
"2069","V","T120",4,0,NA,NA,0,NA
"2070","V","T121",6,0,NA,NA,0,NA
"2071","V","T122",6,0,NA,NA,0,NA
"2072","V","T123",4,0,NA,NA,0,NA
"2073","V","T127",3,0,NA,NA,0,NA
"2074","V","T128",6,0,NA,NA,0,NA
"2075","V","T129",2,0,NA,NA,0,NA
"2076","V","T132",4,0,NA,NA,0,NA
"2077","V","T133",2,0,NA,NA,0,NA
"2078","V","T134",1,0,NA,NA,0,NA
"2079","V","T135",1,0,NA,NA,0,NA
"2080","V","T137",3,0,NA,NA,0,NA
"2081","V","T138",5,0,NA,NA,0,NA
"2082","V","T141",5,0,NA,NA,0,NA
"2083","V","T142",3,0,NA,NA,0,NA
"2084","V","T143",5,0,NA,NA,0,NA
"2085","V","T144",2,0,NA,NA,0,NA
"2086","V","T146",3,0,NA,NA,0,NA
"2087","V","T149",1,0,NA,NA,0,NA
"2088","V","T150",2,0,NA,NA,0,NA
"2089","V","T151",1,0,NA,NA,0,NA
"2090","V","T152",4,0,NA,NA,0,NA
"2091","V","T153",4,0,NA,NA,0,NA
"2092","V","T154",6,0,NA,NA,0,NA
"2093","V","T155",1,0,NA,NA,0,NA
"2094","V","T156",6,0,NA,NA,0,NA
"2095","V","T157",5,0,NA,NA,0,NA
"2096","V","T158",4,0,NA,NA,0,NA
"2097","V","T159",5,0,NA,NA,0,NA
"2098","V","T160",5,0,NA,NA,0,NA
"2099","V","T161",4,0,NA,NA,0,NA
"2100","V","T162",3,0,NA,NA,0,NA
"2101","V","T163",6,0,NA,NA,0,NA
"2102","V","T164",4,0,NA,NA,0,NA
"2103","V","T166",4,0,NA,NA,0,NA
"2104","V","T169",6,0,NA,NA,0,NA
"2105","V","T170",3,0,NA,NA,0,NA
"2106","V","T172",4,0,NA,NA,0,NA
"2107","V","T178",4,0,NA,NA,0,NA
"2108","V","T180",1,0,NA,NA,0,NA
"2109","V","T181",2,0,NA,NA,0,NA
"2110","V","T182",3,0,NA,NA,0,NA
"2111","V","T183",3,0,NA,NA,0,NA
"2112","V","T187",5,0,NA,NA,0,NA
"2113","V","T188",5,0,NA,NA,0,NA
"2114","V","T190",1,0,NA,NA,0,NA
"2115","V","T192",4,0,NA,NA,0,NA
"2116","V","T193",3,0,NA,NA,0,NA
"2117","V","T194",3,0,NA,NA,0,NA
"2118","V","T198",5,0,NA,NA,0,NA
"2119","V","T199",5,0,NA,NA,0,NA
"2120","Zn","D302",2,0,0,0,0,0
"2121","Zn","D303",2,0,0,0,0,0
"2122","Zn","D304",1,0,0,0,0,0
"2123","Zn","D305",6,0,0,0,0,0
"2124","Zn","D306",1,0,0,0,0,0
"2125","Zn","D307",3,0,0,0,0,0
"2126","Zn","D308",6,0,0,0,0,0
"2127","Zn","D309",3,0,0,0,0,0
"2128","Zn","D310",1,0,0,0,0,0
"2129","Zn","D311",4,25,0,0,0,0
"2130","Zn","D312",2,0,0,0,0,0
"2131","Zn","D315",2,0,0,0,0,0
"2132","Zn","D316",2,0,0,0,0,0
"2133","Zn","D317",6,0,0,0,0,0
"2134","Zn","D319",2,0,0,0,0,0
"2135","Zn","D321",6,0,0,0,0,0
"2136","Zn","D325",2,0,0,0,0,0
"2137","Zn","D326",2,0,0,0,0,0
"2138","Zn","G400",6,0,0,0,0,0
"2139","Zn","G401",5,0,0,0,0,0
"2140","Zn","G402",7,0,0,0,0,0
"2141","Zn","G403",6,0,0,0,0,0
"2142","Zn","G404",5,0,0,0,0,0
"2143","Zn","G405",5,0,0,0,0,0
"2144","Zn","G407",5,0,0,0,0,0
"2145","Zn","G408",2,0,0,0,0,0
"2146","Zn","G409",2,0,0,0,0,0
"2147","Zn","G410",5,0,0,0,0,0
"2148","Zn","G412",6,0,0,0,0,0
"2149","Zn","G413",6,0,0,0,0,0
"2150","Zn","G414",6,83,0,0,0,0
"2151","Zn","G415",6,0,0,0,0,0
"2152","Zn","G416",4,0,0,0,0,0
"2153","Zn","G417",5,0,0,0,0,0
"2154","Zn","G418",5,0,0,0,0,0
"2155","Zn","G419",3,0,0,0,0,0
"2156","Zn","G420",5,0,0,0,0,0
"2157","Zn","G422",5,0,0,0,0,0
"2158","Zn","G424",4,0,0,0,0,0
"2159","Zn","G425",4,0,0,0,0,0
"2160","Zn","G426",5,0,0,0,0,0
"2161","Zn","G427",5,0,0,0,0,0
"2162","Zn","G428",5,0,0,0,0,0
"2163","Zn","G429",1,0,0,0,0,0
"2164","Zn","H203",5,0,0,0,0,0
"2165","Zn","H204",5,0,0,0,0,0
"2166","Zn","H205",3,0,0,0,0,0
"2167","Zn","H206",6,0,0,0,0,0
"2168","Zn","H208",7,0,0,0,0,0
"2169","Zn","H209",5,0,0,0,0,0
"2170","Zn","H210",6,0,0,0,0,0
"2171","Zn","H211",4,0,0,0,0,0
"2172","Zn","H212",2,0,0,0,0,0
"2173","Zn","H213",4,0,0,0,0,0
"2174","Zn","H214",5,0,0,0,0,0
"2175","Zn","H215",5,0,0,0,0,0
"2176","Zn","H216",5,0,0,0,0,0
"2177","Zn","H217",5,0,0,0,0,0
"2178","Zn","H218",4,0,0,0,0,0
"2179","Zn","H219",4,0,0,0,0,0
"2180","Zn","H220",5,0,0,0,0,0
"2181","Zn","H221",6,17,17,0,0,0
"2182","Zn","H224",1,0,0,0,0,0
"2183","Zn","H225",1,0,0,0,0,0
"2184","Zn","T002",2,100,0,0,0,0
"2185","Zn","T006",1,0,0,0,0,0
"2186","Zn","T008",2,0,0,0,0,0
"2187","Zn","T009",2,0,0,0,0,0
"2188","Zn","T010",2,0,0,0,0,0
"2189","Zn","T013",1,0,0,0,0,0
"2190","Zn","T014",2,0,0,0,0,0
"2191","Zn","T015",2,0,0,0,0,0
"2192","Zn","T016",1,0,0,0,0,0
"2193","Zn","T018",2,0,0,0,0,0
"2194","Zn","T019",2,0,0,0,0,0
"2195","Zn","T020",2,0,0,0,0,0
"2196","Zn","T022",2,0,0,0,0,0
"2197","Zn","T023",2,0,0,0,0,0
"2198","Zn","T024",2,0,0,0,0,0
"2199","Zn","T025",2,0,0,0,0,0
"2200","Zn","T029",2,0,0,0,0,0
"2201","Zn","T033",1,0,0,0,0,0
"2202","Zn","T034",2,100,50,0,0,0
"2203","Zn","T035",2,0,0,0,0,0
"2204","Zn","T036",2,50,0,0,0,0
"2205","Zn","T037",1,0,0,0,0,0
"2206","Zn","T038",2,0,0,0,0,0
"2207","Zn","T039",2,0,0,0,0,0
"2208","Zn","T040",2,0,0,0,0,0
"2209","Zn","T041",1,0,0,0,0,0
"2210","Zn","T044",2,0,0,0,0,0
"2211","Zn","T046",2,0,0,0,0,0
"2212","Zn","T047",2,0,0,0,0,0
"2213","Zn","T048",1,0,0,0,0,0
"2214","Zn","T101",6,0,0,0,0,0
"2215","Zn","T102",6,0,0,0,0,0
"2216","Zn","T104",4,0,0,0,0,0
"2217","Zn","T105",1,0,0,0,0,0
"2218","Zn","T106",4,0,0,0,0,0
"2219","Zn","T107",4,0,0,0,0,0
"2220","Zn","T108",1,0,0,0,0,0
"2221","Zn","T109",6,0,0,0,0,0
"2222","Zn","T110",4,0,0,0,0,0
"2223","Zn","T111",4,0,0,0,0,0
"2224","Zn","T112",3,0,0,0,0,0
"2225","Zn","T113",6,0,0,0,0,0
"2226","Zn","T114",5,0,0,0,0,0
"2227","Zn","T115",1,0,0,0,0,0
"2228","Zn","T116",4,0,0,0,0,0
"2229","Zn","T117",5,0,0,0,0,0
"2230","Zn","T118",2,0,0,0,0,0
"2231","Zn","T119",1,0,0,0,0,0
"2232","Zn","T120",4,0,0,0,0,0
"2233","Zn","T121",6,0,0,0,0,0
"2234","Zn","T122",6,0,0,0,0,0
"2235","Zn","T123",4,0,0,0,0,0
"2236","Zn","T127",3,0,0,0,0,0
"2237","Zn","T128",6,17,17,0,0,0
"2238","Zn","T129",2,0,0,0,0,0
"2239","Zn","T132",4,100,50,0,0,0
"2240","Zn","T133",2,0,0,0,0,0
"2241","Zn","T134",1,100,100,0,0,0
"2242","Zn","T135",1,0,0,0,0,0
"2243","Zn","T137",3,0,0,0,0,0
"2244","Zn","T138",5,100,80,0,0,0
"2245","Zn","T141",5,0,0,0,0,0
"2246","Zn","T142",3,0,0,0,0,0
"2247","Zn","T143",5,0,0,0,0,0
"2248","Zn","T144",2,0,0,0,0,0
"2249","Zn","T146",3,0,0,0,0,0
"2250","Zn","T149",1,0,0,0,0,0
"2251","Zn","T150",2,100,50,0,0,0
"2252","Zn","T151",1,0,0,0,0,0
"2253","Zn","T152",4,0,0,0,0,0
"2254","Zn","T153",4,0,0,0,0,0
"2255","Zn","T154",6,0,0,0,0,0
"2256","Zn","T155",1,0,0,0,0,0
"2257","Zn","T156",6,0,0,0,0,0
"2258","Zn","T157",5,0,0,0,0,0
"2259","Zn","T158",4,0,0,0,0,0
"2260","Zn","T159",5,0,0,0,0,0
"2261","Zn","T160",5,0,0,0,0,0
"2262","Zn","T161",4,0,0,0,0,0
"2263","Zn","T162",3,0,0,0,0,0
"2264","Zn","T163",6,0,0,0,0,0
"2265","Zn","T164",4,0,0,0,0,0
"2266","Zn","T166",4,0,0,0,0,0
"2267","Zn","T169",6,0,0,0,0,0
"2268","Zn","T170",3,0,0,0,0,0
"2269","Zn","T172",4,0,0,0,0,0
"2270","Zn","T178",4,0,0,0,0,0
"2271","Zn","T180",1,0,0,0,0,0
"2272","Zn","T181",2,0,0,0,0,0
"2273","Zn","T182",3,0,0,0,0,0
"2274","Zn","T183",3,0,0,0,0,0
"2275","Zn","T187",5,0,0,0,0,0
"2276","Zn","T188",5,0,0,0,0,0
"2277","Zn","T190",1,0,0,0,0,0
"2278","Zn","T192",4,0,0,0,0,0
"2279","Zn","T193",3,0,0,0,0,0
"2280","Zn","T194",3,0,0,0,0,0
"2281","Zn","T198",5,0,0,0,0,0
"2282","Zn","T199",5,0,0,0,0,0
"2283","Ba","D302",2,NA,0,0,0,0
"2284","Ba","D303",2,NA,0,0,0,0
"2285","Ba","D304",1,NA,0,0,0,0
"2286","Ba","D305",6,NA,0,0,0,0
"2287","Ba","D306",1,NA,0,0,0,0
"2288","Ba","D307",3,NA,0,0,0,0
"2289","Ba","D308",6,NA,0,0,0,0
"2290","Ba","D309",3,NA,0,0,0,0
"2291","Ba","D310",1,NA,0,0,0,0
"2292","Ba","D311",4,NA,0,0,0,0
"2293","Ba","D312",2,NA,0,0,0,0
"2294","Ba","D315",2,NA,0,0,0,0
"2295","Ba","D316",2,NA,0,0,0,0
"2296","Ba","D317",6,NA,0,0,0,0
"2297","Ba","D319",2,NA,0,0,0,0
"2298","Ba","D321",6,NA,0,0,0,0
"2299","Ba","D325",2,NA,0,0,0,0
"2300","Ba","D326",2,NA,0,0,0,0
"2301","Ba","G400",6,NA,0,0,0,0
"2302","Ba","G401",5,NA,0,0,0,0
"2303","Ba","G402",7,NA,0,0,0,0
"2304","Ba","G403",6,NA,0,0,0,0
"2305","Ba","G404",5,NA,0,0,0,0
"2306","Ba","G405",5,NA,0,0,0,0
"2307","Ba","G407",5,NA,0,0,0,0
"2308","Ba","G408",2,NA,0,0,0,0
"2309","Ba","G409",2,NA,0,0,0,0
"2310","Ba","G410",5,NA,0,0,0,0
"2311","Ba","G412",6,NA,0,0,0,0
"2312","Ba","G413",6,NA,0,0,0,0
"2313","Ba","G414",6,NA,0,0,0,0
"2314","Ba","G415",6,NA,0,0,0,0
"2315","Ba","G416",4,NA,0,0,0,0
"2316","Ba","G417",5,NA,0,0,0,0
"2317","Ba","G418",5,NA,0,0,0,0
"2318","Ba","G419",3,NA,0,0,0,0
"2319","Ba","G420",5,NA,0,0,0,0
"2320","Ba","G422",5,NA,0,0,0,0
"2321","Ba","G424",4,NA,0,0,0,0
"2322","Ba","G425",4,NA,0,0,0,0
"2323","Ba","G426",5,NA,0,0,0,0
"2324","Ba","G427",5,NA,0,0,0,0
"2325","Ba","G428",5,NA,0,0,0,0
"2326","Ba","G429",1,NA,0,0,0,0
"2327","Ba","H203",5,NA,0,0,0,0
"2328","Ba","H204",5,NA,0,0,0,0
"2329","Ba","H205",3,NA,0,0,0,0
"2330","Ba","H206",6,NA,0,0,0,0
"2331","Ba","H208",7,NA,0,0,0,0
"2332","Ba","H209",5,NA,0,0,0,0
"2333","Ba","H210",6,NA,0,0,0,0
"2334","Ba","H211",4,NA,0,0,0,0
"2335","Ba","H212",2,NA,0,0,0,0
"2336","Ba","H213",4,NA,0,0,0,0
"2337","Ba","H214",5,NA,0,0,0,0
"2338","Ba","H215",5,NA,0,0,0,0
"2339","Ba","H216",5,NA,0,0,0,0
"2340","Ba","H217",5,NA,0,0,0,0
"2341","Ba","H218",4,NA,0,0,0,0
"2342","Ba","H219",4,NA,0,0,0,0
"2343","Ba","H220",5,NA,0,0,0,0
"2344","Ba","H221",6,NA,0,0,0,0
"2345","Ba","H224",1,NA,0,0,0,0
"2346","Ba","H225",1,NA,0,0,0,0
"2347","Ba","T002",2,NA,0,0,0,0
"2348","Ba","T006",1,NA,0,0,0,0
"2349","Ba","T008",2,NA,0,0,0,0
"2350","Ba","T009",2,NA,0,0,0,0
"2351","Ba","T010",2,NA,0,0,0,0
"2352","Ba","T013",1,NA,0,0,0,0
"2353","Ba","T014",2,NA,0,0,0,0
"2354","Ba","T015",2,NA,0,0,0,0
"2355","Ba","T016",1,NA,0,0,0,0
"2356","Ba","T018",2,NA,0,0,0,0
"2357","Ba","T019",2,NA,0,0,0,0
"2358","Ba","T020",2,NA,0,0,0,0
"2359","Ba","T022",2,NA,0,0,0,0
"2360","Ba","T023",2,NA,0,0,0,0
"2361","Ba","T024",2,NA,0,0,0,0
"2362","Ba","T025",2,NA,0,0,0,0
"2363","Ba","T029",2,NA,0,0,0,0
"2364","Ba","T033",1,NA,0,0,0,0
"2365","Ba","T034",2,NA,0,0,0,0
"2366","Ba","T035",2,NA,0,0,0,0
"2367","Ba","T036",2,NA,0,0,0,0
"2368","Ba","T037",1,NA,0,0,0,0
"2369","Ba","T038",2,NA,0,0,0,0
"2370","Ba","T039",2,NA,0,0,0,0
"2371","Ba","T040",2,NA,0,0,0,0
"2372","Ba","T041",1,NA,0,0,0,0
"2373","Ba","T044",2,NA,0,0,0,0
"2374","Ba","T046",2,NA,0,0,0,0
"2375","Ba","T047",2,NA,0,0,0,0
"2376","Ba","T048",1,NA,0,0,0,0
"2377","Ba","T101",6,NA,0,0,0,0
"2378","Ba","T102",6,NA,0,0,0,0
"2379","Ba","T104",4,NA,0,0,0,0
"2380","Ba","T105",1,NA,0,0,0,0
"2381","Ba","T106",4,NA,0,0,0,0
"2382","Ba","T107",4,NA,0,0,0,0
"2383","Ba","T108",1,NA,0,0,0,0
"2384","Ba","T109",6,NA,0,0,0,0
"2385","Ba","T110",4,NA,0,0,0,0
"2386","Ba","T111",4,NA,0,0,0,0
"2387","Ba","T112",3,NA,0,0,0,0
"2388","Ba","T113",6,NA,0,0,0,0
"2389","Ba","T114",5,NA,0,0,0,0
"2390","Ba","T115",1,NA,0,0,0,0
"2391","Ba","T116",4,NA,0,0,0,0
"2392","Ba","T117",5,NA,0,0,0,0
"2393","Ba","T118",2,NA,0,0,0,0
"2394","Ba","T119",1,NA,0,0,0,0
"2395","Ba","T120",4,NA,0,0,0,0
"2396","Ba","T121",6,NA,0,0,0,0
"2397","Ba","T122",6,NA,0,0,0,0
"2398","Ba","T123",4,NA,0,0,0,0
"2399","Ba","T127",3,NA,0,0,0,0
"2400","Ba","T128",6,NA,0,0,0,0
"2401","Ba","T129",2,NA,0,0,0,0
"2402","Ba","T132",4,NA,0,0,0,0
"2403","Ba","T133",2,NA,0,0,0,0
"2404","Ba","T134",1,NA,0,0,0,0
"2405","Ba","T135",1,NA,0,0,0,0
"2406","Ba","T137",3,NA,0,0,0,0
"2407","Ba","T138",5,NA,0,0,0,0
"2408","Ba","T141",5,NA,0,0,0,0
"2409","Ba","T142",3,NA,0,0,0,0
"2410","Ba","T143",5,NA,0,0,0,0
"2411","Ba","T144",2,NA,0,0,0,0
"2412","Ba","T146",3,NA,0,0,0,0
"2413","Ba","T149",1,NA,0,0,0,0
"2414","Ba","T150",2,NA,0,0,0,0
"2415","Ba","T151",1,NA,0,0,0,0
"2416","Ba","T152",4,NA,0,0,0,0
"2417","Ba","T153",4,NA,0,0,0,0
"2418","Ba","T154",6,NA,0,0,0,0
"2419","Ba","T155",1,NA,0,0,0,0
"2420","Ba","T156",6,NA,0,0,0,0
"2421","Ba","T157",5,NA,0,0,0,0
"2422","Ba","T158",4,NA,0,0,0,0
"2423","Ba","T159",5,NA,0,0,0,0
"2424","Ba","T160",5,NA,0,0,0,0
"2425","Ba","T161",4,NA,0,0,0,0
"2426","Ba","T162",3,NA,0,0,0,0
"2427","Ba","T163",6,NA,0,0,0,0
"2428","Ba","T164",4,NA,0,0,0,0
"2429","Ba","T166",4,NA,0,0,0,0
"2430","Ba","T169",6,NA,0,0,0,0
"2431","Ba","T170",3,NA,0,0,0,0
"2432","Ba","T172",4,NA,0,0,0,0
"2433","Ba","T178",4,NA,0,0,0,0
"2434","Ba","T180",1,NA,0,0,0,0
"2435","Ba","T181",2,NA,0,0,0,0
"2436","Ba","T182",3,NA,0,0,0,0
"2437","Ba","T183",3,NA,0,0,0,0
"2438","Ba","T187",5,NA,0,0,0,0
"2439","Ba","T188",5,NA,0,0,0,0
"2440","Ba","T190",1,NA,0,0,0,0
"2441","Ba","T192",4,NA,0,0,0,0
"2442","Ba","T193",3,NA,0,0,0,0
"2443","Ba","T194",3,NA,0,0,0,0
"2444","Ba","T198",5,NA,0,0,0,0
"2445","Ba","T199",5,NA,0,0,0,0
"2446","Sb","D302",2,NA,0,0,NA,0
"2447","Sb","D303",2,NA,0,0,NA,0
"2448","Sb","D304",1,NA,0,0,NA,0
"2449","Sb","D305",6,NA,0,0,NA,0
"2450","Sb","D306",1,NA,0,0,NA,0
"2451","Sb","D307",3,NA,0,0,NA,0
"2452","Sb","D308",6,NA,0,0,NA,0
"2453","Sb","D309",3,NA,0,0,NA,0
"2454","Sb","D310",1,NA,0,0,NA,0
"2455","Sb","D311",4,NA,0,0,NA,0
"2456","Sb","D312",2,NA,0,0,NA,0
"2457","Sb","D315",2,NA,0,0,NA,0
"2458","Sb","D316",2,NA,0,0,NA,0
"2459","Sb","D317",6,NA,0,0,NA,0
"2460","Sb","D319",2,NA,0,0,NA,0
"2461","Sb","D321",6,NA,0,0,NA,0
"2462","Sb","D325",2,NA,0,0,NA,0
"2463","Sb","D326",2,NA,0,0,NA,0
"2464","Sb","G400",6,NA,0,0,NA,0
"2465","Sb","G401",5,NA,0,0,NA,0
"2466","Sb","G402",7,NA,0,0,NA,0
"2467","Sb","G403",6,NA,0,0,NA,0
"2468","Sb","G404",5,NA,0,0,NA,0
"2469","Sb","G405",5,NA,0,0,NA,0
"2470","Sb","G407",5,NA,0,0,NA,0
"2471","Sb","G408",2,NA,0,0,NA,0
"2472","Sb","G409",2,NA,0,0,NA,0
"2473","Sb","G410",5,NA,0,0,NA,0
"2474","Sb","G412",6,NA,0,0,NA,0
"2475","Sb","G413",6,NA,0,0,NA,0
"2476","Sb","G414",6,NA,0,0,NA,0
"2477","Sb","G415",6,NA,0,0,NA,0
"2478","Sb","G416",4,NA,0,0,NA,0
"2479","Sb","G417",5,NA,0,0,NA,0
"2480","Sb","G418",5,NA,0,0,NA,0
"2481","Sb","G419",3,NA,0,0,NA,0
"2482","Sb","G420",5,NA,0,0,NA,0
"2483","Sb","G422",5,NA,0,0,NA,0
"2484","Sb","G424",4,NA,0,0,NA,0
"2485","Sb","G425",4,NA,0,0,NA,0
"2486","Sb","G426",5,NA,0,0,NA,0
"2487","Sb","G427",5,NA,0,0,NA,0
"2488","Sb","G428",5,NA,0,0,NA,0
"2489","Sb","G429",1,NA,0,0,NA,0
"2490","Sb","H203",5,NA,20,0,NA,0
"2491","Sb","H204",5,NA,0,0,NA,0
"2492","Sb","H205",3,NA,0,0,NA,0
"2493","Sb","H206",6,NA,0,0,NA,0
"2494","Sb","H208",7,NA,0,0,NA,0
"2495","Sb","H209",5,NA,0,0,NA,0
"2496","Sb","H210",6,NA,0,0,NA,0
"2497","Sb","H211",4,NA,0,0,NA,0
"2498","Sb","H212",2,NA,0,0,NA,0
"2499","Sb","H213",4,NA,0,0,NA,0
"2500","Sb","H214",5,NA,0,0,NA,0
"2501","Sb","H215",5,NA,0,0,NA,0
"2502","Sb","H216",5,NA,0,0,NA,0
"2503","Sb","H217",5,NA,0,0,NA,0
"2504","Sb","H218",4,NA,0,0,NA,0
"2505","Sb","H219",4,NA,0,0,NA,0
"2506","Sb","H220",5,NA,0,0,NA,0
"2507","Sb","H221",6,NA,17,0,NA,0
"2508","Sb","H224",1,NA,0,0,NA,0
"2509","Sb","H225",1,NA,100,0,NA,0
"2510","Sb","T002",2,NA,0,0,NA,0
"2511","Sb","T006",1,NA,0,0,NA,0
"2512","Sb","T008",2,NA,0,0,NA,0
"2513","Sb","T009",2,NA,0,0,NA,0
"2514","Sb","T010",2,NA,0,0,NA,0
"2515","Sb","T013",1,NA,0,0,NA,0
"2516","Sb","T014",2,NA,0,0,NA,0
"2517","Sb","T015",2,NA,0,0,NA,0
"2518","Sb","T016",1,NA,0,0,NA,0
"2519","Sb","T018",2,NA,0,0,NA,0
"2520","Sb","T019",2,NA,0,0,NA,0
"2521","Sb","T020",2,NA,0,0,NA,0
"2522","Sb","T022",2,NA,0,0,NA,0
"2523","Sb","T023",2,NA,0,0,NA,0
"2524","Sb","T024",2,NA,0,0,NA,0
"2525","Sb","T025",2,NA,0,0,NA,0
"2526","Sb","T029",2,NA,0,0,NA,0
"2527","Sb","T033",1,NA,0,0,NA,0
"2528","Sb","T034",2,NA,0,0,NA,0
"2529","Sb","T035",2,NA,0,0,NA,0
"2530","Sb","T036",2,NA,0,0,NA,0
"2531","Sb","T037",1,NA,0,0,NA,0
"2532","Sb","T038",2,NA,0,0,NA,0
"2533","Sb","T039",2,NA,0,0,NA,0
"2534","Sb","T040",2,NA,0,0,NA,0
"2535","Sb","T041",1,NA,0,0,NA,0
"2536","Sb","T044",2,NA,0,0,NA,0
"2537","Sb","T046",2,NA,0,0,NA,0
"2538","Sb","T047",2,NA,0,0,NA,0
"2539","Sb","T048",1,NA,0,0,NA,0
"2540","Sb","T101",6,NA,0,0,NA,0
"2541","Sb","T102",6,NA,0,0,NA,0
"2542","Sb","T104",4,NA,0,0,NA,0
"2543","Sb","T105",1,NA,0,0,NA,0
"2544","Sb","T106",4,NA,0,0,NA,0
"2545","Sb","T107",4,NA,0,0,NA,0
"2546","Sb","T108",1,NA,0,0,NA,0
"2547","Sb","T109",6,NA,0,0,NA,0
"2548","Sb","T110",4,NA,0,0,NA,0
"2549","Sb","T111",4,NA,0,0,NA,0
"2550","Sb","T112",3,NA,100,0,NA,0
"2551","Sb","T113",6,NA,0,0,NA,0
"2552","Sb","T114",5,NA,0,0,NA,0
"2553","Sb","T115",1,NA,0,0,NA,0
"2554","Sb","T116",4,NA,0,0,NA,0
"2555","Sb","T117",5,NA,0,0,NA,0
"2556","Sb","T118",2,NA,0,0,NA,0
"2557","Sb","T119",1,NA,0,0,NA,0
"2558","Sb","T120",4,NA,0,0,NA,0
"2559","Sb","T121",6,NA,0,0,NA,0
"2560","Sb","T122",6,NA,0,0,NA,0
"2561","Sb","T123",4,NA,0,0,NA,0
"2562","Sb","T127",3,NA,0,0,NA,0
"2563","Sb","T128",6,NA,0,0,NA,0
"2564","Sb","T129",2,NA,0,0,NA,0
"2565","Sb","T132",4,NA,0,0,NA,0
"2566","Sb","T133",2,NA,0,0,NA,0
"2567","Sb","T134",1,NA,0,0,NA,0
"2568","Sb","T135",1,NA,0,0,NA,0
"2569","Sb","T137",3,NA,0,0,NA,0
"2570","Sb","T138",5,NA,0,0,NA,0
"2571","Sb","T141",5,NA,0,0,NA,0
"2572","Sb","T142",3,NA,0,0,NA,0
"2573","Sb","T143",5,NA,0,0,NA,0
"2574","Sb","T144",2,NA,0,0,NA,0
"2575","Sb","T146",3,NA,0,0,NA,0
"2576","Sb","T149",1,NA,0,0,NA,0
"2577","Sb","T150",2,NA,0,0,NA,0
"2578","Sb","T151",1,NA,0,0,NA,0
"2579","Sb","T152",4,NA,0,0,NA,0
"2580","Sb","T153",4,NA,0,0,NA,0
"2581","Sb","T154",6,NA,0,0,NA,0
"2582","Sb","T155",1,NA,0,0,NA,0
"2583","Sb","T156",6,NA,0,0,NA,0
"2584","Sb","T157",5,NA,0,0,NA,0
"2585","Sb","T158",4,NA,0,0,NA,0
"2586","Sb","T159",5,NA,0,0,NA,0
"2587","Sb","T160",5,NA,0,0,NA,0
"2588","Sb","T161",4,NA,0,0,NA,0
"2589","Sb","T162",3,NA,0,0,NA,0
"2590","Sb","T163",6,NA,0,0,NA,0
"2591","Sb","T164",4,NA,50,0,NA,0
"2592","Sb","T166",4,NA,0,0,NA,0
"2593","Sb","T169",6,NA,0,0,NA,0
"2594","Sb","T170",3,NA,0,0,NA,0
"2595","Sb","T172",4,NA,0,0,NA,0
"2596","Sb","T178",4,NA,0,0,NA,0
"2597","Sb","T180",1,NA,0,0,NA,0
"2598","Sb","T181",2,NA,0,0,NA,0
"2599","Sb","T182",3,NA,0,0,NA,0
"2600","Sb","T183",3,NA,0,0,NA,0
"2601","Sb","T187",5,NA,0,0,NA,0
"2602","Sb","T188",5,NA,0,0,NA,0
"2603","Sb","T190",1,NA,0,0,NA,0
"2604","Sb","T192",4,NA,0,0,NA,0
"2605","Sb","T193",3,NA,0,0,NA,0
"2606","Sb","T194",3,NA,0,0,NA,0
"2607","Sb","T198",5,NA,0,0,NA,0
"2608","Sb","T199",5,NA,0,0,NA,0
"2609","Ag","D302",2,NA,NA,0,NA,0
"2610","Ag","D303",2,NA,NA,0,NA,0
"2611","Ag","D304",1,NA,NA,0,NA,0
"2612","Ag","D305",6,NA,NA,0,NA,0
"2613","Ag","D306",1,NA,NA,0,NA,0
"2614","Ag","D307",3,NA,NA,0,NA,0
"2615","Ag","D308",6,NA,NA,0,NA,0
"2616","Ag","D309",3,NA,NA,0,NA,0
"2617","Ag","D310",1,NA,NA,0,NA,0
"2618","Ag","D311",4,NA,NA,0,NA,0
"2619","Ag","D312",2,NA,NA,0,NA,0
"2620","Ag","D315",2,NA,NA,0,NA,0
"2621","Ag","D316",2,NA,NA,0,NA,0
"2622","Ag","D317",6,NA,NA,0,NA,0
"2623","Ag","D319",2,NA,NA,0,NA,0
"2624","Ag","D321",6,NA,NA,0,NA,0
"2625","Ag","D325",2,NA,NA,0,NA,0
"2626","Ag","D326",2,NA,NA,0,NA,0
"2627","Ag","G400",6,NA,NA,0,NA,0
"2628","Ag","G401",5,NA,NA,0,NA,0
"2629","Ag","G402",7,NA,NA,0,NA,0
"2630","Ag","G403",6,NA,NA,0,NA,0
"2631","Ag","G404",5,NA,NA,0,NA,0
"2632","Ag","G405",5,NA,NA,0,NA,0
"2633","Ag","G407",5,NA,NA,0,NA,0
"2634","Ag","G408",2,NA,NA,0,NA,0
"2635","Ag","G409",2,NA,NA,0,NA,0
"2636","Ag","G410",5,NA,NA,0,NA,0
"2637","Ag","G412",6,NA,NA,0,NA,0
"2638","Ag","G413",6,NA,NA,0,NA,0
"2639","Ag","G414",6,NA,NA,0,NA,0
"2640","Ag","G415",6,NA,NA,0,NA,0
"2641","Ag","G416",4,NA,NA,0,NA,0
"2642","Ag","G417",5,NA,NA,0,NA,0
"2643","Ag","G418",5,NA,NA,0,NA,0
"2644","Ag","G419",3,NA,NA,0,NA,0
"2645","Ag","G420",5,NA,NA,0,NA,0
"2646","Ag","G422",5,NA,NA,0,NA,0
"2647","Ag","G424",4,NA,NA,0,NA,0
"2648","Ag","G425",4,NA,NA,0,NA,0
"2649","Ag","G426",5,NA,NA,0,NA,0
"2650","Ag","G427",5,NA,NA,0,NA,0
"2651","Ag","G428",5,NA,NA,0,NA,0
"2652","Ag","G429",1,NA,NA,0,NA,0
"2653","Ag","H203",5,NA,NA,0,NA,0
"2654","Ag","H204",5,NA,NA,0,NA,0
"2655","Ag","H205",3,NA,NA,0,NA,0
"2656","Ag","H206",6,NA,NA,0,NA,0
"2657","Ag","H208",7,NA,NA,0,NA,0
"2658","Ag","H209",5,NA,NA,0,NA,0
"2659","Ag","H210",6,NA,NA,0,NA,0
"2660","Ag","H211",4,NA,NA,0,NA,0
"2661","Ag","H212",2,NA,NA,0,NA,0
"2662","Ag","H213",4,NA,NA,0,NA,0
"2663","Ag","H214",5,NA,NA,0,NA,0
"2664","Ag","H215",5,NA,NA,0,NA,0
"2665","Ag","H216",5,NA,NA,0,NA,0
"2666","Ag","H217",5,NA,NA,0,NA,0
"2667","Ag","H218",4,NA,NA,0,NA,0
"2668","Ag","H219",4,NA,NA,0,NA,0
"2669","Ag","H220",5,NA,NA,0,NA,0
"2670","Ag","H221",6,NA,NA,0,NA,0
"2671","Ag","H224",1,NA,NA,0,NA,0
"2672","Ag","H225",1,NA,NA,0,NA,0
"2673","Ag","T002",2,NA,NA,0,NA,0
"2674","Ag","T006",1,NA,NA,0,NA,0
"2675","Ag","T008",2,NA,NA,0,NA,0
"2676","Ag","T009",2,NA,NA,0,NA,0
"2677","Ag","T010",2,NA,NA,0,NA,0
"2678","Ag","T013",1,NA,NA,0,NA,0
"2679","Ag","T014",2,NA,NA,0,NA,0
"2680","Ag","T015",2,NA,NA,0,NA,0
"2681","Ag","T016",1,NA,NA,0,NA,0
"2682","Ag","T018",2,NA,NA,0,NA,0
"2683","Ag","T019",2,NA,NA,0,NA,0
"2684","Ag","T020",2,NA,NA,0,NA,0
"2685","Ag","T022",2,NA,NA,0,NA,0
"2686","Ag","T023",2,NA,NA,0,NA,0
"2687","Ag","T024",2,NA,NA,0,NA,0
"2688","Ag","T025",2,NA,NA,0,NA,0
"2689","Ag","T029",2,NA,NA,0,NA,0
"2690","Ag","T033",1,NA,NA,0,NA,0
"2691","Ag","T034",2,NA,NA,0,NA,0
"2692","Ag","T035",2,NA,NA,0,NA,0
"2693","Ag","T036",2,NA,NA,0,NA,0
"2694","Ag","T037",1,NA,NA,0,NA,0
"2695","Ag","T038",2,NA,NA,0,NA,0
"2696","Ag","T039",2,NA,NA,0,NA,0
"2697","Ag","T040",2,NA,NA,0,NA,0
"2698","Ag","T041",1,NA,NA,0,NA,0
"2699","Ag","T044",2,NA,NA,0,NA,0
"2700","Ag","T046",2,NA,NA,0,NA,0
"2701","Ag","T047",2,NA,NA,0,NA,0
"2702","Ag","T048",1,NA,NA,0,NA,0
"2703","Ag","T101",6,NA,NA,0,NA,0
"2704","Ag","T102",6,NA,NA,0,NA,0
"2705","Ag","T104",4,NA,NA,0,NA,0
"2706","Ag","T105",1,NA,NA,0,NA,0
"2707","Ag","T106",4,NA,NA,0,NA,0
"2708","Ag","T107",4,NA,NA,0,NA,0
"2709","Ag","T108",1,NA,NA,0,NA,0
"2710","Ag","T109",6,NA,NA,0,NA,0
"2711","Ag","T110",4,NA,NA,0,NA,0
"2712","Ag","T111",4,NA,NA,0,NA,0
"2713","Ag","T112",3,NA,NA,0,NA,0
"2714","Ag","T113",6,NA,NA,0,NA,0
"2715","Ag","T114",5,NA,NA,0,NA,0
"2716","Ag","T115",1,NA,NA,0,NA,0
"2717","Ag","T116",4,NA,NA,0,NA,0
"2718","Ag","T117",5,NA,NA,0,NA,0
"2719","Ag","T118",2,NA,NA,0,NA,0
"2720","Ag","T119",1,NA,NA,0,NA,0
"2721","Ag","T120",4,NA,NA,0,NA,0
"2722","Ag","T121",6,NA,NA,0,NA,0
"2723","Ag","T122",6,NA,NA,0,NA,0
"2724","Ag","T123",4,NA,NA,0,NA,0
"2725","Ag","T127",3,NA,NA,0,NA,0
"2726","Ag","T128",6,NA,NA,0,NA,0
"2727","Ag","T129",2,NA,NA,0,NA,0
"2728","Ag","T132",4,NA,NA,0,NA,0
"2729","Ag","T133",2,NA,NA,0,NA,0
"2730","Ag","T134",1,NA,NA,0,NA,0
"2731","Ag","T135",1,NA,NA,0,NA,0
"2732","Ag","T137",3,NA,NA,0,NA,0
"2733","Ag","T138",5,NA,NA,0,NA,0
"2734","Ag","T141",5,NA,NA,0,NA,0
"2735","Ag","T142",3,NA,NA,0,NA,0
"2736","Ag","T143",5,NA,NA,0,NA,0
"2737","Ag","T144",2,NA,NA,0,NA,0
"2738","Ag","T146",3,NA,NA,0,NA,0
"2739","Ag","T149",1,NA,NA,0,NA,0
"2740","Ag","T150",2,NA,NA,0,NA,0
"2741","Ag","T151",1,NA,NA,0,NA,0
"2742","Ag","T152",4,NA,NA,0,NA,0
"2743","Ag","T153",4,NA,NA,0,NA,0
"2744","Ag","T154",6,NA,NA,0,NA,0
"2745","Ag","T155",1,NA,NA,0,NA,0
"2746","Ag","T156",6,NA,NA,0,NA,0
"2747","Ag","T157",5,NA,NA,0,NA,0
"2748","Ag","T158",4,NA,NA,0,NA,0
"2749","Ag","T159",5,NA,NA,0,NA,0
"2750","Ag","T160",5,NA,NA,0,NA,0
"2751","Ag","T161",4,NA,NA,0,NA,0
"2752","Ag","T162",3,NA,NA,0,NA,0
"2753","Ag","T163",6,NA,NA,0,NA,0
"2754","Ag","T164",4,NA,NA,0,NA,0
"2755","Ag","T166",4,NA,NA,0,NA,0
"2756","Ag","T169",6,NA,NA,0,NA,0
"2757","Ag","T170",3,NA,NA,0,NA,0
"2758","Ag","T172",4,NA,NA,0,NA,0
"2759","Ag","T178",4,NA,NA,0,NA,0
"2760","Ag","T180",1,NA,NA,0,NA,0
"2761","Ag","T181",2,NA,NA,0,NA,0
"2762","Ag","T182",3,NA,NA,0,NA,0
"2763","Ag","T183",3,NA,NA,0,NA,0
"2764","Ag","T187",5,NA,NA,0,NA,0
"2765","Ag","T188",5,NA,NA,0,NA,0
"2766","Ag","T190",1,NA,NA,0,NA,0
"2767","Ag","T192",4,NA,NA,0,NA,0
"2768","Ag","T193",3,NA,NA,0,NA,0
"2769","Ag","T194",3,NA,NA,0,NA,0
"2770","Ag","T198",5,NA,NA,0,NA,0
"2771","Ag","T199",5,NA,NA,0,NA,0
"2772","Co","D302",2,NA,NA,NA,0,NA
"2773","Co","D303",2,NA,NA,NA,0,NA
"2774","Co","D304",1,NA,NA,NA,0,NA
"2775","Co","D305",6,NA,NA,NA,0,NA
"2776","Co","D306",1,NA,NA,NA,0,NA
"2777","Co","D307",3,NA,NA,NA,0,NA
"2778","Co","D308",6,NA,NA,NA,0,NA
"2779","Co","D309",3,NA,NA,NA,0,NA
"2780","Co","D310",1,NA,NA,NA,0,NA
"2781","Co","D311",4,NA,NA,NA,0,NA
"2782","Co","D312",2,NA,NA,NA,0,NA
"2783","Co","D315",2,NA,NA,NA,0,NA
"2784","Co","D316",2,NA,NA,NA,0,NA
"2785","Co","D317",6,NA,NA,NA,0,NA
"2786","Co","D319",2,NA,NA,NA,0,NA
"2787","Co","D321",6,NA,NA,NA,0,NA
"2788","Co","D325",2,NA,NA,NA,0,NA
"2789","Co","D326",2,NA,NA,NA,0,NA
"2790","Co","G400",6,NA,NA,NA,0,NA
"2791","Co","G401",5,NA,NA,NA,0,NA
"2792","Co","G402",7,NA,NA,NA,0,NA
"2793","Co","G403",6,NA,NA,NA,0,NA
"2794","Co","G404",5,NA,NA,NA,0,NA
"2795","Co","G405",5,NA,NA,NA,0,NA
"2796","Co","G407",5,NA,NA,NA,0,NA
"2797","Co","G408",2,NA,NA,NA,0,NA
"2798","Co","G409",2,NA,NA,NA,0,NA
"2799","Co","G410",5,NA,NA,NA,0,NA
"2800","Co","G412",6,NA,NA,NA,0,NA
"2801","Co","G413",6,NA,NA,NA,0,NA
"2802","Co","G414",6,NA,NA,NA,0,NA
"2803","Co","G415",6,NA,NA,NA,0,NA
"2804","Co","G416",4,NA,NA,NA,0,NA
"2805","Co","G417",5,NA,NA,NA,0,NA
"2806","Co","G418",5,NA,NA,NA,0,NA
"2807","Co","G419",3,NA,NA,NA,0,NA
"2808","Co","G420",5,NA,NA,NA,0,NA
"2809","Co","G422",5,NA,NA,NA,0,NA
"2810","Co","G424",4,NA,NA,NA,0,NA
"2811","Co","G425",4,NA,NA,NA,0,NA
"2812","Co","G426",5,NA,NA,NA,0,NA
"2813","Co","G427",5,NA,NA,NA,0,NA
"2814","Co","G428",5,NA,NA,NA,0,NA
"2815","Co","G429",1,NA,NA,NA,0,NA
"2816","Co","H203",5,NA,NA,NA,0,NA
"2817","Co","H204",5,NA,NA,NA,0,NA
"2818","Co","H205",3,NA,NA,NA,0,NA
"2819","Co","H206",6,NA,NA,NA,0,NA
"2820","Co","H208",7,NA,NA,NA,0,NA
"2821","Co","H209",5,NA,NA,NA,0,NA
"2822","Co","H210",6,NA,NA,NA,0,NA
"2823","Co","H211",4,NA,NA,NA,0,NA
"2824","Co","H212",2,NA,NA,NA,0,NA
"2825","Co","H213",4,NA,NA,NA,0,NA
"2826","Co","H214",5,NA,NA,NA,0,NA
"2827","Co","H215",5,NA,NA,NA,0,NA
"2828","Co","H216",5,NA,NA,NA,0,NA
"2829","Co","H217",5,NA,NA,NA,0,NA
"2830","Co","H218",4,NA,NA,NA,0,NA
"2831","Co","H219",4,NA,NA,NA,0,NA
"2832","Co","H220",5,NA,NA,NA,0,NA
"2833","Co","H221",6,NA,NA,NA,0,NA
"2834","Co","H224",1,NA,NA,NA,0,NA
"2835","Co","H225",1,NA,NA,NA,0,NA
"2836","Co","T002",2,NA,NA,NA,0,NA
"2837","Co","T006",1,NA,NA,NA,0,NA
"2838","Co","T008",2,NA,NA,NA,0,NA
"2839","Co","T009",2,NA,NA,NA,0,NA
"2840","Co","T010",2,NA,NA,NA,0,NA
"2841","Co","T013",1,NA,NA,NA,0,NA
"2842","Co","T014",2,NA,NA,NA,0,NA
"2843","Co","T015",2,NA,NA,NA,0,NA
"2844","Co","T016",1,NA,NA,NA,0,NA
"2845","Co","T018",2,NA,NA,NA,0,NA
"2846","Co","T019",2,NA,NA,NA,0,NA
"2847","Co","T020",2,NA,NA,NA,0,NA
"2848","Co","T022",2,NA,NA,NA,0,NA
"2849","Co","T023",2,NA,NA,NA,0,NA
"2850","Co","T024",2,NA,NA,NA,0,NA
"2851","Co","T025",2,NA,NA,NA,0,NA
"2852","Co","T029",2,NA,NA,NA,0,NA
"2853","Co","T033",1,NA,NA,NA,0,NA
"2854","Co","T034",2,NA,NA,NA,0,NA
"2855","Co","T035",2,NA,NA,NA,0,NA
"2856","Co","T036",2,NA,NA,NA,0,NA
"2857","Co","T037",1,NA,NA,NA,0,NA
"2858","Co","T038",2,NA,NA,NA,0,NA
"2859","Co","T039",2,NA,NA,NA,0,NA
"2860","Co","T040",2,NA,NA,NA,0,NA
"2861","Co","T041",1,NA,NA,NA,0,NA
"2862","Co","T044",2,NA,NA,NA,0,NA
"2863","Co","T046",2,NA,NA,NA,0,NA
"2864","Co","T047",2,NA,NA,NA,0,NA
"2865","Co","T048",1,NA,NA,NA,0,NA
"2866","Co","T101",6,NA,NA,NA,0,NA
"2867","Co","T102",6,NA,NA,NA,0,NA
"2868","Co","T104",4,NA,NA,NA,0,NA
"2869","Co","T105",1,NA,NA,NA,0,NA
"2870","Co","T106",4,NA,NA,NA,0,NA
"2871","Co","T107",4,NA,NA,NA,0,NA
"2872","Co","T108",1,NA,NA,NA,0,NA
"2873","Co","T109",6,NA,NA,NA,0,NA
"2874","Co","T110",4,NA,NA,NA,0,NA
"2875","Co","T111",4,NA,NA,NA,0,NA
"2876","Co","T112",3,NA,NA,NA,0,NA
"2877","Co","T113",6,NA,NA,NA,0,NA
"2878","Co","T114",5,NA,NA,NA,0,NA
"2879","Co","T115",1,NA,NA,NA,0,NA
"2880","Co","T116",4,NA,NA,NA,0,NA
"2881","Co","T117",5,NA,NA,NA,0,NA
"2882","Co","T118",2,NA,NA,NA,0,NA
"2883","Co","T119",1,NA,NA,NA,0,NA
"2884","Co","T120",4,NA,NA,NA,0,NA
"2885","Co","T121",6,NA,NA,NA,0,NA
"2886","Co","T122",6,NA,NA,NA,0,NA
"2887","Co","T123",4,NA,NA,NA,0,NA
"2888","Co","T127",3,NA,NA,NA,0,NA
"2889","Co","T128",6,NA,NA,NA,0,NA
"2890","Co","T129",2,NA,NA,NA,0,NA
"2891","Co","T132",4,NA,NA,NA,0,NA
"2892","Co","T133",2,NA,NA,NA,0,NA
"2893","Co","T134",1,NA,NA,NA,0,NA
"2894","Co","T135",1,NA,NA,NA,0,NA
"2895","Co","T137",3,NA,NA,NA,0,NA
"2896","Co","T138",5,NA,NA,NA,0,NA
"2897","Co","T141",5,NA,NA,NA,0,NA
"2898","Co","T142",3,NA,NA,NA,0,NA
"2899","Co","T143",5,NA,NA,NA,0,NA
"2900","Co","T144",2,NA,NA,NA,0,NA
"2901","Co","T146",3,NA,NA,NA,0,NA
"2902","Co","T149",1,NA,NA,NA,0,NA
"2903","Co","T150",2,NA,NA,NA,0,NA
"2904","Co","T151",1,NA,NA,NA,0,NA
"2905","Co","T152",4,NA,NA,NA,0,NA
"2906","Co","T153",4,NA,NA,NA,0,NA
"2907","Co","T154",6,NA,NA,NA,0,NA
"2908","Co","T155",1,NA,NA,NA,0,NA
"2909","Co","T156",6,NA,NA,NA,0,NA
"2910","Co","T157",5,NA,NA,NA,0,NA
"2911","Co","T158",4,NA,NA,NA,0,NA
"2912","Co","T159",5,NA,NA,NA,0,NA
"2913","Co","T160",5,NA,NA,NA,0,NA
"2914","Co","T161",4,NA,NA,NA,0,NA
"2915","Co","T162",3,NA,NA,NA,0,NA
"2916","Co","T163",6,NA,NA,NA,0,NA
"2917","Co","T164",4,NA,NA,NA,0,NA
"2918","Co","T166",4,NA,NA,NA,0,NA
"2919","Co","T169",6,NA,NA,NA,0,NA
"2920","Co","T170",3,NA,NA,NA,0,NA
"2921","Co","T172",4,NA,NA,NA,0,NA
"2922","Co","T178",4,NA,NA,NA,0,NA
"2923","Co","T180",1,NA,NA,NA,0,NA
"2924","Co","T181",2,NA,NA,NA,0,NA
"2925","Co","T182",3,NA,NA,NA,0,NA
"2926","Co","T183",3,NA,NA,NA,0,NA
"2927","Co","T187",5,NA,NA,NA,0,NA
"2928","Co","T188",5,NA,NA,NA,0,NA
"2929","Co","T190",1,NA,NA,NA,0,NA
"2930","Co","T192",4,NA,NA,NA,0,NA
"2931","Co","T193",3,NA,NA,NA,0,NA
"2932","Co","T194",3,NA,NA,NA,0,NA
"2933","Co","T198",5,NA,NA,NA,0,NA
"2934","Co","T199",5,NA,NA,NA,0,NA
