"","analyte","site","n","detections_freq"
"1","Ag","D302",2,100
"2","Ag","D303",2,100
"3","Ag","D304",1,100
"4","Ag","D305",6,33.3
"5","Ag","D306",1,100
"6","Ag","D307",3,66.7
"7","Ag","D308",6,50
"8","Ag","D309",3,100
"9","Ag","D310",1,100
"10","Ag","D311",4,75
"11","Ag","D312",2,0
"12","Ag","D315",2,50
"13","Ag","D316",2,100
"14","Ag","D317",6,16.7
"15","Ag","D319",2,0
"16","Ag","D321",6,16.7
"17","Ag","D325",2,50
"18","Ag","D326",2,0
"19","Ag","G400",6,50
"20","Ag","G401",5,20
"21","Ag","G402",7,57.1
"22","Ag","G403",6,16.7
"23","Ag","G404",5,60
"24","Ag","G405",5,80
"25","Ag","G407",5,60
"26","Ag","G408",2,50
"27","Ag","G409",2,100
"28","Ag","G410",5,100
"29","Ag","G412",6,33.3
"30","Ag","G413",6,66.7
"31","Ag","G414",6,33.3
"32","Ag","G415",6,66.7
"33","Ag","G416",4,100
"34","Ag","G417",5,80
"35","Ag","G418",5,100
"36","Ag","G419",3,100
"37","Ag","G420",5,60
"38","Ag","G422",5,80
"39","Ag","G424",4,50
"40","Ag","G425",4,75
"41","Ag","G426",5,20
"42","Ag","G427",5,60
"43","Ag","G428",6,66.7
"44","Ag","G429",1,100
"45","Ag","H203",5,60
"46","Ag","H204",5,60
"47","Ag","H205",3,66.7
"48","Ag","H206",6,83.3
"49","Ag","H208",7,28.6
"50","Ag","H209",6,83.3
"51","Ag","H210",6,66.7
"52","Ag","H211",4,75
"53","Ag","H212",2,100
"54","Ag","H213",4,50
"55","Ag","H214",5,80
"56","Ag","H215",5,60
"57","Ag","H216",5,100
"58","Ag","H217",5,80
"59","Ag","H218",4,100
"60","Ag","H219",4,50
"61","Ag","H220",5,40
"62","Ag","H221",6,83.3
"63","Ag","H222",4,50
"64","Ag","H224",1,100
"65","Ag","H225",1,0
"66","Ag","T002",2,100
"67","Ag","T006",1,0
"68","Ag","T008",2,50
"69","Ag","T009",2,100
"70","Ag","T010",2,0
"71","Ag","T013",1,0
"72","Ag","T014",2,0
"73","Ag","T015",2,0
"74","Ag","T016",1,100
"75","Ag","T018",2,50
"76","Ag","T019",2,100
"77","Ag","T020",2,0
"78","Ag","T022",2,50
"79","Ag","T023",2,0
"80","Ag","T024",2,0
"81","Ag","T025",2,0
"82","Ag","T029",2,50
"83","Ag","T033",1,0
"84","Ag","T034",2,0
"85","Ag","T035",2,50
"86","Ag","T036",2,0
"87","Ag","T037",1,0
"88","Ag","T038",2,50
"89","Ag","T039",2,50
"90","Ag","T040",2,0
"91","Ag","T041",1,0
"92","Ag","T044",2,0
"93","Ag","T046",2,0
"94","Ag","T047",2,0
"95","Ag","T048",1,100
"96","Ag","T101",6,66.7
"97","Ag","T102",6,16.7
"98","Ag","T104",4,75
"99","Ag","T105",1,100
"100","Ag","T106",4,100
"101","Ag","T107",4,75
"102","Ag","T108",1,100
"103","Ag","T109",6,50
"104","Ag","T110",4,75
"105","Ag","T111",4,25
"106","Ag","T112",3,100
"107","Ag","T113",6,16.7
"108","Ag","T114",5,40
"109","Ag","T115",1,100
"110","Ag","T116",4,100
"111","Ag","T117",5,80
"112","Ag","T118",2,100
"113","Ag","T119",1,100
"114","Ag","T120",4,25
"115","Ag","T121",6,16.7
"116","Ag","T122",6,33.3
"117","Ag","T123",4,75
"118","Ag","T127",3,66.7
"119","Ag","T128",6,66.7
"120","Ag","T129",2,50
"121","Ag","T132",4,50
"122","Ag","T133",2,100
"123","Ag","T134",1,100
"124","Ag","T135",1,100
"125","Ag","T137",3,66.7
"126","Ag","T138",5,40
"127","Ag","T141",5,80
"128","Ag","T142",3,66.7
"129","Ag","T143",5,60
"130","Ag","T144",2,0
"131","Ag","T146",3,33.3
"132","Ag","T149",1,100
"133","Ag","T150",2,100
"134","Ag","T151",1,100
"135","Ag","T152",4,75
"136","Ag","T153",4,75
"137","Ag","T154",6,16.7
"138","Ag","T155",1,100
"139","Ag","T156",6,33.3
"140","Ag","T157",5,80
"141","Ag","T158",4,100
"142","Ag","T159",5,60
"143","Ag","T160",5,40
"144","Ag","T161",4,25
"145","Ag","T162",3,100
"146","Ag","T163",6,33.3
"147","Ag","T164",4,0
"148","Ag","T166",4,25
"149","Ag","T169",6,33.3
"150","Ag","T170",3,66.7
"151","Ag","T172",4,25
"152","Ag","T178",4,25
"153","Ag","T180",1,0
"154","Ag","T181",2,100
"155","Ag","T182",3,66.7
"156","Ag","T183",3,66.7
"157","Ag","T187",5,60
"158","Ag","T188",5,80
"159","Ag","T190",1,100
"160","Ag","T192",4,50
"161","Ag","T193",3,100
"162","Ag","T194",3,100
"163","Ag","T198",5,60
"164","Ag","T199",5,40
"165","Al","D302",2,100
"166","Al","D303",2,100
"167","Al","D304",1,100
"168","Al","D305",6,100
"169","Al","D306",1,100
"170","Al","D307",3,100
"171","Al","D308",6,100
"172","Al","D309",3,100
"173","Al","D310",1,100
"174","Al","D311",4,100
"175","Al","D312",2,100
"176","Al","D315",2,100
"177","Al","D316",2,100
"178","Al","D317",6,100
"179","Al","D319",2,100
"180","Al","D321",6,100
"181","Al","D325",2,100
"182","Al","D326",2,100
"183","Al","G400",6,100
"184","Al","G401",5,100
"185","Al","G402",7,100
"186","Al","G403",6,100
"187","Al","G404",5,100
"188","Al","G405",5,100
"189","Al","G407",5,100
"190","Al","G408",2,100
"191","Al","G409",2,100
"192","Al","G410",5,100
"193","Al","G412",6,100
"194","Al","G413",6,100
"195","Al","G414",6,100
"196","Al","G415",6,100
"197","Al","G416",4,100
"198","Al","G417",5,100
"199","Al","G418",5,100
"200","Al","G419",3,100
"201","Al","G420",5,100
"202","Al","G422",5,100
"203","Al","G424",4,100
"204","Al","G425",4,100
"205","Al","G426",5,100
"206","Al","G427",5,100
"207","Al","G428",6,100
"208","Al","G429",1,100
"209","Al","H203",5,100
"210","Al","H204",5,100
"211","Al","H205",3,100
"212","Al","H206",6,100
"213","Al","H208",7,100
"214","Al","H209",6,100
"215","Al","H210",6,100
"216","Al","H211",4,100
"217","Al","H212",2,100
"218","Al","H213",4,100
"219","Al","H214",5,100
"220","Al","H215",5,100
"221","Al","H216",5,100
"222","Al","H217",5,100
"223","Al","H218",4,100
"224","Al","H219",4,100
"225","Al","H220",5,100
"226","Al","H221",6,100
"227","Al","H222",4,100
"228","Al","H224",1,100
"229","Al","H225",1,100
"230","Al","T002",2,100
"231","Al","T006",1,100
"232","Al","T008",2,100
"233","Al","T009",2,100
"234","Al","T010",2,100
"235","Al","T013",1,100
"236","Al","T014",2,100
"237","Al","T015",2,100
"238","Al","T016",1,100
"239","Al","T018",2,100
"240","Al","T019",2,100
"241","Al","T020",2,100
"242","Al","T022",2,100
"243","Al","T023",2,100
"244","Al","T024",2,100
"245","Al","T025",2,100
"246","Al","T029",2,100
"247","Al","T033",1,100
"248","Al","T034",2,100
"249","Al","T035",2,100
"250","Al","T036",2,100
"251","Al","T037",1,100
"252","Al","T038",2,100
"253","Al","T039",2,100
"254","Al","T040",2,100
"255","Al","T041",1,100
"256","Al","T044",2,100
"257","Al","T046",2,100
"258","Al","T047",2,100
"259","Al","T048",1,100
"260","Al","T101",6,100
"261","Al","T102",6,100
"262","Al","T104",4,100
"263","Al","T105",1,100
"264","Al","T106",4,100
"265","Al","T107",4,100
"266","Al","T108",1,100
"267","Al","T109",6,100
"268","Al","T110",4,100
"269","Al","T111",4,100
"270","Al","T112",3,100
"271","Al","T113",6,100
"272","Al","T114",5,100
"273","Al","T115",1,100
"274","Al","T116",4,100
"275","Al","T117",5,100
"276","Al","T118",2,100
"277","Al","T119",1,100
"278","Al","T120",4,100
"279","Al","T121",6,100
"280","Al","T122",6,100
"281","Al","T123",4,100
"282","Al","T127",3,100
"283","Al","T128",6,100
"284","Al","T129",2,100
"285","Al","T132",4,100
"286","Al","T133",2,100
"287","Al","T134",1,100
"288","Al","T135",1,100
"289","Al","T137",3,100
"290","Al","T138",5,100
"291","Al","T141",5,100
"292","Al","T142",3,100
"293","Al","T143",5,100
"294","Al","T144",2,100
"295","Al","T146",3,100
"296","Al","T149",1,100
"297","Al","T150",2,100
"298","Al","T151",1,100
"299","Al","T152",4,100
"300","Al","T153",4,100
"301","Al","T154",6,100
"302","Al","T155",1,100
"303","Al","T156",6,100
"304","Al","T157",5,100
"305","Al","T158",4,100
"306","Al","T159",5,100
"307","Al","T160",5,100
"308","Al","T161",4,100
"309","Al","T162",3,100
"310","Al","T163",6,100
"311","Al","T164",4,100
"312","Al","T166",4,100
"313","Al","T169",6,100
"314","Al","T170",3,100
"315","Al","T172",4,100
"316","Al","T178",4,100
"317","Al","T180",1,100
"318","Al","T181",2,100
"319","Al","T182",3,100
"320","Al","T183",3,100
"321","Al","T187",5,100
"322","Al","T188",5,100
"323","Al","T190",1,100
"324","Al","T192",4,100
"325","Al","T193",3,100
"326","Al","T194",3,100
"327","Al","T198",5,100
"328","Al","T199",5,100
"329","As","D302",2,100
"330","As","D303",2,100
"331","As","D304",1,100
"332","As","D305",6,83.3
"333","As","D306",1,100
"334","As","D307",3,100
"335","As","D308",6,66.7
"336","As","D309",3,100
"337","As","D310",1,100
"338","As","D311",4,75
"339","As","D312",2,50
"340","As","D315",2,50
"341","As","D316",2,100
"342","As","D317",6,83.3
"343","As","D319",2,50
"344","As","D321",6,50
"345","As","D325",2,50
"346","As","D326",2,100
"347","As","G400",6,83.3
"348","As","G401",5,20
"349","As","G402",7,71.4
"350","As","G403",6,66.7
"351","As","G404",5,80
"352","As","G405",5,80
"353","As","G407",5,60
"354","As","G408",2,100
"355","As","G409",2,100
"356","As","G410",5,80
"357","As","G412",6,50
"358","As","G413",6,66.7
"359","As","G414",6,33.3
"360","As","G415",6,100
"361","As","G416",4,100
"362","As","G417",5,60
"363","As","G418",5,100
"364","As","G419",3,100
"365","As","G420",5,40
"366","As","G422",5,20
"367","As","G424",4,100
"368","As","G425",4,100
"369","As","G426",5,20
"370","As","G427",5,80
"371","As","G428",6,100
"372","As","G429",1,100
"373","As","H203",5,100
"374","As","H204",5,80
"375","As","H205",3,100
"376","As","H206",6,100
"377","As","H208",7,85.7
"378","As","H209",6,100
"379","As","H210",6,100
"380","As","H211",4,100
"381","As","H212",2,100
"382","As","H213",4,100
"383","As","H214",5,100
"384","As","H215",5,100
"385","As","H216",5,100
"386","As","H217",5,100
"387","As","H218",4,100
"388","As","H219",4,100
"389","As","H220",5,100
"390","As","H221",6,100
"391","As","H222",4,75
"392","As","H224",1,100
"393","As","H225",1,100
"394","As","T002",2,100
"395","As","T006",1,0
"396","As","T008",2,100
"397","As","T009",2,100
"398","As","T010",2,50
"399","As","T013",1,100
"400","As","T014",2,50
"401","As","T015",2,50
"402","As","T016",1,0
"403","As","T018",2,0
"404","As","T019",2,100
"405","As","T020",2,50
"406","As","T022",2,0
"407","As","T023",2,50
"408","As","T024",2,50
"409","As","T025",2,50
"410","As","T029",2,50
"411","As","T033",1,100
"412","As","T034",2,100
"413","As","T035",2,50
"414","As","T036",2,50
"415","As","T037",1,0
"416","As","T038",2,0
"417","As","T039",2,0
"418","As","T040",2,0
"419","As","T041",1,100
"420","As","T044",2,50
"421","As","T046",2,50
"422","As","T047",2,0
"423","As","T048",1,100
"424","As","T101",6,83.3
"425","As","T102",6,50
"426","As","T104",4,100
"427","As","T105",1,100
"428","As","T106",4,100
"429","As","T107",4,75
"430","As","T108",1,100
"431","As","T109",6,100
"432","As","T110",4,100
"433","As","T111",4,75
"434","As","T112",3,100
"435","As","T113",6,66.7
"436","As","T114",5,60
"437","As","T115",1,100
"438","As","T116",4,75
"439","As","T117",5,100
"440","As","T118",2,50
"441","As","T119",1,100
"442","As","T120",4,75
"443","As","T121",6,100
"444","As","T122",6,66.7
"445","As","T123",4,50
"446","As","T127",3,100
"447","As","T128",6,83.3
"448","As","T129",2,50
"449","As","T132",4,75
"450","As","T133",2,100
"451","As","T134",1,100
"452","As","T135",1,100
"453","As","T137",3,100
"454","As","T138",5,80
"455","As","T141",5,80
"456","As","T142",3,66.7
"457","As","T143",5,80
"458","As","T144",2,100
"459","As","T146",3,100
"460","As","T149",1,0
"461","As","T150",2,50
"462","As","T151",1,100
"463","As","T152",4,75
"464","As","T153",4,100
"465","As","T154",6,83.3
"466","As","T155",1,100
"467","As","T156",6,83.3
"468","As","T157",5,100
"469","As","T158",4,75
"470","As","T159",5,80
"471","As","T160",5,40
"472","As","T161",4,75
"473","As","T162",3,100
"474","As","T163",6,100
"475","As","T164",4,50
"476","As","T166",4,75
"477","As","T169",6,100
"478","As","T170",3,100
"479","As","T172",4,50
"480","As","T178",4,25
"481","As","T180",1,0
"482","As","T181",2,100
"483","As","T182",3,100
"484","As","T183",3,66.7
"485","As","T187",5,80
"486","As","T188",5,100
"487","As","T190",1,100
"488","As","T192",4,100
"489","As","T193",3,100
"490","As","T194",3,100
"491","As","T198",5,60
"492","As","T199",5,60
"493","Ba","D302",2,100
"494","Ba","D303",2,100
"495","Ba","D304",1,100
"496","Ba","D305",6,100
"497","Ba","D306",1,100
"498","Ba","D307",3,100
"499","Ba","D308",6,100
"500","Ba","D309",3,100
"501","Ba","D310",1,100
"502","Ba","D311",4,100
"503","Ba","D312",2,100
"504","Ba","D315",2,100
"505","Ba","D316",2,100
"506","Ba","D317",6,100
"507","Ba","D319",2,100
"508","Ba","D321",6,100
"509","Ba","D325",2,100
"510","Ba","D326",2,100
"511","Ba","G400",6,100
"512","Ba","G401",5,100
"513","Ba","G402",7,100
"514","Ba","G403",6,100
"515","Ba","G404",5,100
"516","Ba","G405",5,100
"517","Ba","G407",5,100
"518","Ba","G408",2,100
"519","Ba","G409",2,100
"520","Ba","G410",5,100
"521","Ba","G412",6,100
"522","Ba","G413",6,100
"523","Ba","G414",6,100
"524","Ba","G415",6,100
"525","Ba","G416",4,100
"526","Ba","G417",5,100
"527","Ba","G418",5,100
"528","Ba","G419",3,100
"529","Ba","G420",5,100
"530","Ba","G422",5,100
"531","Ba","G424",4,100
"532","Ba","G425",4,100
"533","Ba","G426",5,100
"534","Ba","G427",5,100
"535","Ba","G428",6,100
"536","Ba","G429",1,100
"537","Ba","H203",5,100
"538","Ba","H204",5,100
"539","Ba","H205",3,100
"540","Ba","H206",6,100
"541","Ba","H208",7,100
"542","Ba","H209",6,100
"543","Ba","H210",6,100
"544","Ba","H211",4,100
"545","Ba","H212",2,100
"546","Ba","H213",4,100
"547","Ba","H214",5,100
"548","Ba","H215",5,100
"549","Ba","H216",5,100
"550","Ba","H217",5,100
"551","Ba","H218",4,100
"552","Ba","H219",4,100
"553","Ba","H220",5,100
"554","Ba","H221",6,100
"555","Ba","H222",4,100
"556","Ba","H224",1,100
"557","Ba","H225",1,100
"558","Ba","T002",2,100
"559","Ba","T006",1,100
"560","Ba","T008",2,100
"561","Ba","T009",2,100
"562","Ba","T010",2,100
"563","Ba","T013",1,100
"564","Ba","T014",2,100
"565","Ba","T015",2,100
"566","Ba","T016",1,100
"567","Ba","T018",2,100
"568","Ba","T019",2,100
"569","Ba","T020",2,100
"570","Ba","T022",2,100
"571","Ba","T023",2,100
"572","Ba","T024",2,100
"573","Ba","T025",2,100
"574","Ba","T029",2,100
"575","Ba","T033",1,100
"576","Ba","T034",2,100
"577","Ba","T035",2,100
"578","Ba","T036",2,100
"579","Ba","T037",1,100
"580","Ba","T038",2,100
"581","Ba","T039",2,100
"582","Ba","T040",2,100
"583","Ba","T041",1,100
"584","Ba","T044",2,100
"585","Ba","T046",2,100
"586","Ba","T047",2,100
"587","Ba","T048",1,100
"588","Ba","T101",6,100
"589","Ba","T102",6,100
"590","Ba","T104",4,100
"591","Ba","T105",1,100
"592","Ba","T106",4,100
"593","Ba","T107",4,100
"594","Ba","T108",1,100
"595","Ba","T109",6,100
"596","Ba","T110",4,100
"597","Ba","T111",4,100
"598","Ba","T112",3,100
"599","Ba","T113",6,100
"600","Ba","T114",5,100
"601","Ba","T115",1,100
"602","Ba","T116",4,100
"603","Ba","T117",5,100
"604","Ba","T118",2,100
"605","Ba","T119",1,100
"606","Ba","T120",4,100
"607","Ba","T121",6,100
"608","Ba","T122",6,100
"609","Ba","T123",4,100
"610","Ba","T127",3,100
"611","Ba","T128",6,100
"612","Ba","T129",2,100
"613","Ba","T132",4,100
"614","Ba","T133",2,100
"615","Ba","T134",1,100
"616","Ba","T135",1,100
"617","Ba","T137",3,100
"618","Ba","T138",5,100
"619","Ba","T141",5,100
"620","Ba","T142",3,100
"621","Ba","T143",5,100
"622","Ba","T144",2,100
"623","Ba","T146",3,100
"624","Ba","T149",1,100
"625","Ba","T150",2,100
"626","Ba","T151",1,100
"627","Ba","T152",4,100
"628","Ba","T153",4,100
"629","Ba","T154",6,100
"630","Ba","T155",1,100
"631","Ba","T156",6,100
"632","Ba","T157",5,100
"633","Ba","T158",4,100
"634","Ba","T159",5,100
"635","Ba","T160",5,100
"636","Ba","T161",4,100
"637","Ba","T162",3,100
"638","Ba","T163",6,100
"639","Ba","T164",4,100
"640","Ba","T166",4,100
"641","Ba","T169",6,100
"642","Ba","T170",3,100
"643","Ba","T172",4,100
"644","Ba","T178",4,100
"645","Ba","T180",1,100
"646","Ba","T181",2,100
"647","Ba","T182",3,100
"648","Ba","T183",3,100
"649","Ba","T187",5,100
"650","Ba","T188",5,100
"651","Ba","T190",1,100
"652","Ba","T192",4,100
"653","Ba","T193",3,100
"654","Ba","T194",3,100
"655","Ba","T198",5,100
"656","Ba","T199",5,100
"657","Be","D302",2,100
"658","Be","D303",2,100
"659","Be","D304",1,100
"660","Be","D305",6,50
"661","Be","D306",1,100
"662","Be","D307",3,66.7
"663","Be","D308",6,50
"664","Be","D309",3,66.7
"665","Be","D310",1,100
"666","Be","D311",4,25
"667","Be","D312",2,0
"668","Be","D315",2,0
"669","Be","D316",2,50
"670","Be","D317",6,33.3
"671","Be","D319",2,0
"672","Be","D321",6,33.3
"673","Be","D325",2,100
"674","Be","D326",2,50
"675","Be","G400",6,83.3
"676","Be","G401",5,60
"677","Be","G402",7,57.1
"678","Be","G403",6,66.7
"679","Be","G404",5,80
"680","Be","G405",5,60
"681","Be","G407",5,60
"682","Be","G408",2,100
"683","Be","G409",2,100
"684","Be","G410",5,60
"685","Be","G412",6,50
"686","Be","G413",6,66.7
"687","Be","G414",6,33.3
"688","Be","G415",6,66.7
"689","Be","G416",4,75
"690","Be","G417",5,60
"691","Be","G418",5,60
"692","Be","G419",3,100
"693","Be","G420",5,40
"694","Be","G422",5,60
"695","Be","G424",4,75
"696","Be","G425",4,50
"697","Be","G426",5,60
"698","Be","G427",5,60
"699","Be","G428",6,100
"700","Be","G429",1,100
"701","Be","H203",5,60
"702","Be","H204",5,40
"703","Be","H205",3,33.3
"704","Be","H206",6,33.3
"705","Be","H208",7,57.1
"706","Be","H209",6,50
"707","Be","H210",6,50
"708","Be","H211",4,0
"709","Be","H212",2,100
"710","Be","H213",4,50
"711","Be","H214",5,60
"712","Be","H215",5,60
"713","Be","H216",5,60
"714","Be","H217",5,60
"715","Be","H218",4,50
"716","Be","H219",4,25
"717","Be","H220",5,60
"718","Be","H221",6,66.7
"719","Be","H222",4,50
"720","Be","H224",1,100
"721","Be","H225",1,100
"722","Be","T002",2,100
"723","Be","T006",1,0
"724","Be","T008",2,50
"725","Be","T009",2,50
"726","Be","T010",2,0
"727","Be","T013",1,0
"728","Be","T014",2,50
"729","Be","T015",2,50
"730","Be","T016",1,0
"731","Be","T018",2,0
"732","Be","T019",2,0
"733","Be","T020",2,100
"734","Be","T022",2,0
"735","Be","T023",2,50
"736","Be","T024",2,0
"737","Be","T025",2,0
"738","Be","T029",2,100
"739","Be","T033",1,100
"740","Be","T034",2,50
"741","Be","T035",2,50
"742","Be","T036",2,0
"743","Be","T037",1,0
"744","Be","T038",2,0
"745","Be","T039",2,0
"746","Be","T040",2,0
"747","Be","T041",1,100
"748","Be","T044",2,0
"749","Be","T046",2,0
"750","Be","T047",2,0
"751","Be","T048",1,0
"752","Be","T101",6,66.7
"753","Be","T102",6,66.7
"754","Be","T104",4,50
"755","Be","T105",1,100
"756","Be","T106",4,50
"757","Be","T107",4,50
"758","Be","T108",1,0
"759","Be","T109",6,66.7
"760","Be","T110",4,50
"761","Be","T111",4,75
"762","Be","T112",3,100
"763","Be","T113",6,33.3
"764","Be","T114",5,40
"765","Be","T115",1,100
"766","Be","T116",4,75
"767","Be","T117",5,60
"768","Be","T118",2,50
"769","Be","T119",1,100
"770","Be","T120",4,50
"771","Be","T121",6,66.7
"772","Be","T122",6,33.3
"773","Be","T123",4,50
"774","Be","T127",3,66.7
"775","Be","T128",6,33.3
"776","Be","T129",2,50
"777","Be","T132",4,50
"778","Be","T133",2,50
"779","Be","T134",1,100
"780","Be","T135",1,100
"781","Be","T137",3,66.7
"782","Be","T138",5,20
"783","Be","T141",5,40
"784","Be","T142",3,100
"785","Be","T143",5,60
"786","Be","T144",2,50
"787","Be","T146",3,100
"788","Be","T149",1,100
"789","Be","T150",2,100
"790","Be","T151",1,100
"791","Be","T152",4,50
"792","Be","T153",4,50
"793","Be","T154",6,33.3
"794","Be","T155",1,100
"795","Be","T156",6,33.3
"796","Be","T157",5,60
"797","Be","T158",4,50
"798","Be","T159",5,40
"799","Be","T160",5,60
"800","Be","T161",4,50
"801","Be","T162",3,66.7
"802","Be","T163",6,33.3
"803","Be","T164",4,25
"804","Be","T166",4,50
"805","Be","T169",6,66.7
"806","Be","T170",3,33.3
"807","Be","T172",4,50
"808","Be","T178",4,25
"809","Be","T180",1,0
"810","Be","T181",2,100
"811","Be","T182",3,100
"812","Be","T183",3,66.7
"813","Be","T187",5,80
"814","Be","T188",5,60
"815","Be","T190",1,100
"816","Be","T192",4,0
"817","Be","T193",3,100
"818","Be","T194",3,100
"819","Be","T198",5,40
"820","Be","T199",5,40
"821","Cd","D302",2,100
"822","Cd","D303",2,100
"823","Cd","D304",1,100
"824","Cd","D305",6,50
"825","Cd","D306",1,100
"826","Cd","D307",3,100
"827","Cd","D308",6,50
"828","Cd","D309",3,100
"829","Cd","D310",1,100
"830","Cd","D311",4,100
"831","Cd","D312",2,50
"832","Cd","D315",2,50
"833","Cd","D316",2,100
"834","Cd","D317",6,100
"835","Cd","D319",2,0
"836","Cd","D321",6,33.3
"837","Cd","D325",2,100
"838","Cd","D326",2,50
"839","Cd","G400",6,100
"840","Cd","G401",5,100
"841","Cd","G402",7,100
"842","Cd","G403",6,100
"843","Cd","G404",5,100
"844","Cd","G405",5,100
"845","Cd","G407",5,80
"846","Cd","G408",2,100
"847","Cd","G409",2,100
"848","Cd","G410",5,100
"849","Cd","G412",6,100
"850","Cd","G413",6,100
"851","Cd","G414",6,100
"852","Cd","G415",6,100
"853","Cd","G416",4,100
"854","Cd","G417",5,100
"855","Cd","G418",5,100
"856","Cd","G419",3,100
"857","Cd","G420",5,60
"858","Cd","G422",5,100
"859","Cd","G424",4,100
"860","Cd","G425",4,100
"861","Cd","G426",5,60
"862","Cd","G427",5,100
"863","Cd","G428",6,100
"864","Cd","G429",1,100
"865","Cd","H203",5,100
"866","Cd","H204",5,100
"867","Cd","H205",3,100
"868","Cd","H206",6,100
"869","Cd","H208",7,85.7
"870","Cd","H209",6,100
"871","Cd","H210",6,100
"872","Cd","H211",4,100
"873","Cd","H212",2,100
"874","Cd","H213",4,100
"875","Cd","H214",5,100
"876","Cd","H215",5,100
"877","Cd","H216",5,100
"878","Cd","H217",5,100
"879","Cd","H218",4,100
"880","Cd","H219",4,100
"881","Cd","H220",5,100
"882","Cd","H221",6,100
"883","Cd","H222",4,100
"884","Cd","H224",1,100
"885","Cd","H225",1,100
"886","Cd","T002",2,100
"887","Cd","T006",1,100
"888","Cd","T008",2,100
"889","Cd","T009",2,100
"890","Cd","T010",2,0
"891","Cd","T013",1,100
"892","Cd","T014",2,100
"893","Cd","T015",2,100
"894","Cd","T016",1,100
"895","Cd","T018",2,100
"896","Cd","T019",2,100
"897","Cd","T020",2,100
"898","Cd","T022",2,100
"899","Cd","T023",2,100
"900","Cd","T024",2,100
"901","Cd","T025",2,100
"902","Cd","T029",2,50
"903","Cd","T033",1,100
"904","Cd","T034",2,0
"905","Cd","T035",2,100
"906","Cd","T036",2,100
"907","Cd","T037",1,100
"908","Cd","T038",2,100
"909","Cd","T039",2,100
"910","Cd","T040",2,100
"911","Cd","T041",1,100
"912","Cd","T044",2,100
"913","Cd","T046",2,100
"914","Cd","T047",2,100
"915","Cd","T048",1,0
"916","Cd","T101",6,100
"917","Cd","T102",6,83.3
"918","Cd","T104",4,100
"919","Cd","T105",1,100
"920","Cd","T106",4,75
"921","Cd","T107",4,50
"922","Cd","T108",1,100
"923","Cd","T109",6,100
"924","Cd","T110",4,100
"925","Cd","T111",4,100
"926","Cd","T112",3,100
"927","Cd","T113",6,83.3
"928","Cd","T114",5,80
"929","Cd","T115",1,100
"930","Cd","T116",4,100
"931","Cd","T117",5,100
"932","Cd","T118",2,100
"933","Cd","T119",1,100
"934","Cd","T120",4,100
"935","Cd","T121",6,83.3
"936","Cd","T122",6,83.3
"937","Cd","T123",4,100
"938","Cd","T127",3,100
"939","Cd","T128",6,83.3
"940","Cd","T129",2,100
"941","Cd","T132",4,75
"942","Cd","T133",2,100
"943","Cd","T134",1,100
"944","Cd","T135",1,100
"945","Cd","T137",3,100
"946","Cd","T138",5,100
"947","Cd","T141",5,100
"948","Cd","T142",3,66.7
"949","Cd","T143",5,100
"950","Cd","T144",2,100
"951","Cd","T146",3,100
"952","Cd","T149",1,100
"953","Cd","T150",2,100
"954","Cd","T151",1,100
"955","Cd","T152",4,100
"956","Cd","T153",4,100
"957","Cd","T154",6,83.3
"958","Cd","T155",1,100
"959","Cd","T156",6,100
"960","Cd","T157",5,100
"961","Cd","T158",4,100
"962","Cd","T159",5,100
"963","Cd","T160",5,100
"964","Cd","T161",4,100
"965","Cd","T162",3,100
"966","Cd","T163",6,66.7
"967","Cd","T164",4,50
"968","Cd","T166",4,100
"969","Cd","T169",6,100
"970","Cd","T170",3,100
"971","Cd","T172",4,75
"972","Cd","T178",4,100
"973","Cd","T180",1,100
"974","Cd","T181",2,100
"975","Cd","T182",3,100
"976","Cd","T183",3,100
"977","Cd","T187",5,100
"978","Cd","T188",5,80
"979","Cd","T190",1,100
"980","Cd","T192",4,100
"981","Cd","T193",3,100
"982","Cd","T194",3,100
"983","Cd","T198",5,80
"984","Cd","T199",5,60
"985","Co","D302",2,100
"986","Co","D303",2,100
"987","Co","D304",1,100
"988","Co","D305",6,83.3
"989","Co","D306",1,100
"990","Co","D307",3,66.7
"991","Co","D308",6,100
"992","Co","D309",3,100
"993","Co","D310",1,100
"994","Co","D311",4,100
"995","Co","D312",2,100
"996","Co","D315",2,100
"997","Co","D316",2,100
"998","Co","D317",6,100
"999","Co","D319",2,100
"1000","Co","D321",6,100
"1001","Co","D325",2,100
"1002","Co","D326",2,100
"1003","Co","G400",6,100
"1004","Co","G401",5,100
"1005","Co","G402",7,100
"1006","Co","G403",6,100
"1007","Co","G404",5,100
"1008","Co","G405",5,100
"1009","Co","G407",5,100
"1010","Co","G408",2,100
"1011","Co","G409",2,100
"1012","Co","G410",5,100
"1013","Co","G412",6,100
"1014","Co","G413",6,100
"1015","Co","G414",6,100
"1016","Co","G415",6,100
"1017","Co","G416",4,100
"1018","Co","G417",5,100
"1019","Co","G418",5,100
"1020","Co","G419",3,100
"1021","Co","G420",5,100
"1022","Co","G422",5,100
"1023","Co","G424",4,100
"1024","Co","G425",4,100
"1025","Co","G426",5,60
"1026","Co","G427",5,100
"1027","Co","G428",6,100
"1028","Co","G429",1,100
"1029","Co","H203",5,100
"1030","Co","H204",5,100
"1031","Co","H205",3,100
"1032","Co","H206",6,100
"1033","Co","H208",7,85.7
"1034","Co","H209",6,100
"1035","Co","H210",6,100
"1036","Co","H211",4,100
"1037","Co","H212",2,100
"1038","Co","H213",4,100
"1039","Co","H214",5,100
"1040","Co","H215",5,100
"1041","Co","H216",5,100
"1042","Co","H217",5,100
"1043","Co","H218",4,100
"1044","Co","H219",4,100
"1045","Co","H220",5,100
"1046","Co","H221",6,100
"1047","Co","H222",4,100
"1048","Co","H224",1,100
"1049","Co","H225",1,100
"1050","Co","T002",2,100
"1051","Co","T006",1,100
"1052","Co","T008",2,100
"1053","Co","T009",2,100
"1054","Co","T010",2,50
"1055","Co","T013",1,100
"1056","Co","T014",2,100
"1057","Co","T015",2,100
"1058","Co","T016",1,100
"1059","Co","T018",2,100
"1060","Co","T019",2,100
"1061","Co","T020",2,100
"1062","Co","T022",2,100
"1063","Co","T023",2,100
"1064","Co","T024",2,100
"1065","Co","T025",2,100
"1066","Co","T029",2,100
"1067","Co","T033",1,100
"1068","Co","T034",2,100
"1069","Co","T035",2,100
"1070","Co","T036",2,100
"1071","Co","T037",1,100
"1072","Co","T038",2,100
"1073","Co","T039",2,100
"1074","Co","T040",2,100
"1075","Co","T041",1,100
"1076","Co","T044",2,100
"1077","Co","T046",2,100
"1078","Co","T047",2,100
"1079","Co","T048",1,0
"1080","Co","T101",6,100
"1081","Co","T102",6,100
"1082","Co","T104",4,100
"1083","Co","T105",1,100
"1084","Co","T106",4,100
"1085","Co","T107",4,100
"1086","Co","T108",1,100
"1087","Co","T109",6,100
"1088","Co","T110",4,100
"1089","Co","T111",4,100
"1090","Co","T112",3,100
"1091","Co","T113",6,100
"1092","Co","T114",5,80
"1093","Co","T115",1,100
"1094","Co","T116",4,100
"1095","Co","T117",5,100
"1096","Co","T118",2,100
"1097","Co","T119",1,100
"1098","Co","T120",4,100
"1099","Co","T121",6,100
"1100","Co","T122",6,100
"1101","Co","T123",4,100
"1102","Co","T127",3,100
"1103","Co","T128",6,83.3
"1104","Co","T129",2,100
"1105","Co","T132",4,100
"1106","Co","T133",2,100
"1107","Co","T134",1,100
"1108","Co","T135",1,100
"1109","Co","T137",3,100
"1110","Co","T138",5,100
"1111","Co","T141",5,100
"1112","Co","T142",3,100
"1113","Co","T143",5,100
"1114","Co","T144",2,100
"1115","Co","T146",3,100
"1116","Co","T149",1,100
"1117","Co","T150",2,100
"1118","Co","T151",1,100
"1119","Co","T152",4,100
"1120","Co","T153",4,100
"1121","Co","T154",6,100
"1122","Co","T155",1,100
"1123","Co","T156",6,100
"1124","Co","T157",5,100
"1125","Co","T158",4,100
"1126","Co","T159",5,100
"1127","Co","T160",5,100
"1128","Co","T161",4,100
"1129","Co","T162",3,100
"1130","Co","T163",6,100
"1131","Co","T164",4,75
"1132","Co","T166",4,100
"1133","Co","T169",6,100
"1134","Co","T170",3,100
"1135","Co","T172",4,75
"1136","Co","T178",4,100
"1137","Co","T180",1,100
"1138","Co","T181",2,100
"1139","Co","T182",3,100
"1140","Co","T183",3,100
"1141","Co","T187",5,100
"1142","Co","T188",5,100
"1143","Co","T190",1,100
"1144","Co","T192",4,100
"1145","Co","T193",3,100
"1146","Co","T194",3,100
"1147","Co","T198",5,100
"1148","Co","T199",5,100
"1149","Cr","D302",2,100
"1150","Cr","D303",2,100
"1151","Cr","D304",1,100
"1152","Cr","D305",6,100
"1153","Cr","D306",1,100
"1154","Cr","D307",3,100
"1155","Cr","D308",6,100
"1156","Cr","D309",3,100
"1157","Cr","D310",1,100
"1158","Cr","D311",4,75
"1159","Cr","D312",2,50
"1160","Cr","D315",2,100
"1161","Cr","D316",2,100
"1162","Cr","D317",6,83.3
"1163","Cr","D319",2,0
"1164","Cr","D321",6,83.3
"1165","Cr","D325",2,100
"1166","Cr","D326",2,100
"1167","Cr","G400",6,50
"1168","Cr","G401",5,80
"1169","Cr","G402",7,100
"1170","Cr","G403",6,100
"1171","Cr","G404",5,80
"1172","Cr","G405",5,80
"1173","Cr","G407",5,60
"1174","Cr","G408",2,100
"1175","Cr","G409",2,100
"1176","Cr","G410",5,100
"1177","Cr","G412",6,66.7
"1178","Cr","G413",6,83.3
"1179","Cr","G414",6,100
"1180","Cr","G415",6,100
"1181","Cr","G416",4,100
"1182","Cr","G417",5,100
"1183","Cr","G418",5,100
"1184","Cr","G419",3,100
"1185","Cr","G420",5,100
"1186","Cr","G422",5,40
"1187","Cr","G424",4,75
"1188","Cr","G425",4,100
"1189","Cr","G426",5,60
"1190","Cr","G427",5,80
"1191","Cr","G428",6,100
"1192","Cr","G429",1,100
"1193","Cr","H203",5,100
"1194","Cr","H204",5,100
"1195","Cr","H205",3,100
"1196","Cr","H206",6,66.7
"1197","Cr","H208",7,71.4
"1198","Cr","H209",6,83.3
"1199","Cr","H210",6,100
"1200","Cr","H211",4,75
"1201","Cr","H212",2,100
"1202","Cr","H213",4,75
"1203","Cr","H214",5,100
"1204","Cr","H215",5,100
"1205","Cr","H216",5,100
"1206","Cr","H217",5,100
"1207","Cr","H218",4,100
"1208","Cr","H219",4,100
"1209","Cr","H220",5,100
"1210","Cr","H221",6,100
"1211","Cr","H222",4,100
"1212","Cr","H224",1,100
"1213","Cr","H225",1,100
"1214","Cr","T002",2,100
"1215","Cr","T006",1,100
"1216","Cr","T008",2,100
"1217","Cr","T009",2,100
"1218","Cr","T010",2,50
"1219","Cr","T013",1,100
"1220","Cr","T014",2,100
"1221","Cr","T015",2,100
"1222","Cr","T016",1,100
"1223","Cr","T018",2,100
"1224","Cr","T019",2,100
"1225","Cr","T020",2,100
"1226","Cr","T022",2,100
"1227","Cr","T023",2,100
"1228","Cr","T024",2,100
"1229","Cr","T025",2,100
"1230","Cr","T029",2,100
"1231","Cr","T033",1,100
"1232","Cr","T034",2,100
"1233","Cr","T035",2,50
"1234","Cr","T036",2,100
"1235","Cr","T037",1,100
"1236","Cr","T038",2,50
"1237","Cr","T039",2,100
"1238","Cr","T040",2,100
"1239","Cr","T041",1,100
"1240","Cr","T044",2,50
"1241","Cr","T046",2,100
"1242","Cr","T047",2,100
"1243","Cr","T048",1,0
"1244","Cr","T101",6,100
"1245","Cr","T102",6,100
"1246","Cr","T104",4,100
"1247","Cr","T105",1,100
"1248","Cr","T106",4,75
"1249","Cr","T107",4,100
"1250","Cr","T108",1,100
"1251","Cr","T109",6,83.3
"1252","Cr","T110",4,75
"1253","Cr","T111",4,75
"1254","Cr","T112",3,100
"1255","Cr","T113",6,100
"1256","Cr","T114",5,100
"1257","Cr","T115",1,100
"1258","Cr","T116",4,100
"1259","Cr","T117",5,100
"1260","Cr","T118",2,100
"1261","Cr","T119",1,100
"1262","Cr","T120",4,100
"1263","Cr","T121",6,100
"1264","Cr","T122",6,100
"1265","Cr","T123",4,75
"1266","Cr","T127",3,100
"1267","Cr","T128",6,83.3
"1268","Cr","T129",2,50
"1269","Cr","T132",4,100
"1270","Cr","T133",2,100
"1271","Cr","T134",1,100
"1272","Cr","T135",1,100
"1273","Cr","T137",3,100
"1274","Cr","T138",5,80
"1275","Cr","T141",5,100
"1276","Cr","T142",3,66.7
"1277","Cr","T143",5,80
"1278","Cr","T144",2,100
"1279","Cr","T146",3,100
"1280","Cr","T149",1,100
"1281","Cr","T150",2,100
"1282","Cr","T151",1,100
"1283","Cr","T152",4,100
"1284","Cr","T153",4,100
"1285","Cr","T154",6,66.7
"1286","Cr","T155",1,100
"1287","Cr","T156",6,83.3
"1288","Cr","T157",5,100
"1289","Cr","T158",4,100
"1290","Cr","T159",5,100
"1291","Cr","T160",5,100
"1292","Cr","T161",4,75
"1293","Cr","T162",3,100
"1294","Cr","T163",6,100
"1295","Cr","T164",4,75
"1296","Cr","T166",4,100
"1297","Cr","T169",6,100
"1298","Cr","T170",3,100
"1299","Cr","T172",4,75
"1300","Cr","T178",4,50
"1301","Cr","T180",1,100
"1302","Cr","T181",2,100
"1303","Cr","T182",3,100
"1304","Cr","T183",3,66.7
"1305","Cr","T187",5,100
"1306","Cr","T188",5,80
"1307","Cr","T190",1,100
"1308","Cr","T192",4,100
"1309","Cr","T193",3,100
"1310","Cr","T194",3,100
"1311","Cr","T198",5,60
"1312","Cr","T199",5,100
"1313","Cu","D302",2,100
"1314","Cu","D303",2,100
"1315","Cu","D304",1,100
"1316","Cu","D305",6,100
"1317","Cu","D306",1,100
"1318","Cu","D307",3,100
"1319","Cu","D308",6,100
"1320","Cu","D309",3,100
"1321","Cu","D310",1,100
"1322","Cu","D311",4,100
"1323","Cu","D312",2,100
"1324","Cu","D315",2,100
"1325","Cu","D316",2,100
"1326","Cu","D317",6,100
"1327","Cu","D319",2,100
"1328","Cu","D321",6,100
"1329","Cu","D325",2,100
"1330","Cu","D326",2,100
"1331","Cu","G400",6,100
"1332","Cu","G401",5,100
"1333","Cu","G402",7,100
"1334","Cu","G403",6,100
"1335","Cu","G404",5,100
"1336","Cu","G405",5,100
"1337","Cu","G407",5,100
"1338","Cu","G408",2,100
"1339","Cu","G409",2,100
"1340","Cu","G410",5,100
"1341","Cu","G412",6,100
"1342","Cu","G413",6,100
"1343","Cu","G414",6,100
"1344","Cu","G415",6,100
"1345","Cu","G416",4,100
"1346","Cu","G417",5,100
"1347","Cu","G418",5,100
"1348","Cu","G419",3,100
"1349","Cu","G420",5,100
"1350","Cu","G422",5,100
"1351","Cu","G424",4,100
"1352","Cu","G425",4,100
"1353","Cu","G426",5,100
"1354","Cu","G427",5,100
"1355","Cu","G428",6,100
"1356","Cu","G429",1,100
"1357","Cu","H203",5,100
"1358","Cu","H204",5,100
"1359","Cu","H205",3,100
"1360","Cu","H206",6,100
"1361","Cu","H208",7,100
"1362","Cu","H209",6,100
"1363","Cu","H210",6,100
"1364","Cu","H211",4,100
"1365","Cu","H212",2,100
"1366","Cu","H213",4,100
"1367","Cu","H214",5,100
"1368","Cu","H215",5,100
"1369","Cu","H216",5,100
"1370","Cu","H217",5,100
"1371","Cu","H218",4,100
"1372","Cu","H219",4,100
"1373","Cu","H220",5,100
"1374","Cu","H221",6,100
"1375","Cu","H222",4,100
"1376","Cu","H224",1,100
"1377","Cu","H225",1,100
"1378","Cu","T002",2,100
"1379","Cu","T006",1,100
"1380","Cu","T008",2,100
"1381","Cu","T009",2,100
"1382","Cu","T010",2,100
"1383","Cu","T013",1,100
"1384","Cu","T014",2,100
"1385","Cu","T015",2,100
"1386","Cu","T016",1,100
"1387","Cu","T018",2,100
"1388","Cu","T019",2,100
"1389","Cu","T020",2,100
"1390","Cu","T022",2,100
"1391","Cu","T023",2,100
"1392","Cu","T024",2,100
"1393","Cu","T025",2,100
"1394","Cu","T029",2,100
"1395","Cu","T033",1,100
"1396","Cu","T034",2,100
"1397","Cu","T035",2,100
"1398","Cu","T036",2,100
"1399","Cu","T037",1,100
"1400","Cu","T038",2,100
"1401","Cu","T039",2,100
"1402","Cu","T040",2,100
"1403","Cu","T041",1,100
"1404","Cu","T044",2,100
"1405","Cu","T046",2,100
"1406","Cu","T047",2,100
"1407","Cu","T048",1,100
"1408","Cu","T101",6,100
"1409","Cu","T102",6,100
"1410","Cu","T104",4,100
"1411","Cu","T105",1,100
"1412","Cu","T106",4,100
"1413","Cu","T107",4,100
"1414","Cu","T108",1,100
"1415","Cu","T109",6,100
"1416","Cu","T110",4,100
"1417","Cu","T111",4,100
"1418","Cu","T112",3,100
"1419","Cu","T113",6,100
"1420","Cu","T114",5,100
"1421","Cu","T115",1,100
"1422","Cu","T116",4,100
"1423","Cu","T117",5,100
"1424","Cu","T118",2,100
"1425","Cu","T119",1,100
"1426","Cu","T120",4,100
"1427","Cu","T121",6,100
"1428","Cu","T122",6,100
"1429","Cu","T123",4,100
"1430","Cu","T127",3,100
"1431","Cu","T128",6,100
"1432","Cu","T129",2,100
"1433","Cu","T132",4,100
"1434","Cu","T133",2,100
"1435","Cu","T134",1,100
"1436","Cu","T135",1,100
"1437","Cu","T137",3,100
"1438","Cu","T138",5,100
"1439","Cu","T141",5,100
"1440","Cu","T142",3,100
"1441","Cu","T143",5,100
"1442","Cu","T144",2,100
"1443","Cu","T146",3,100
"1444","Cu","T149",1,100
"1445","Cu","T150",2,100
"1446","Cu","T151",1,100
"1447","Cu","T152",4,100
"1448","Cu","T153",4,100
"1449","Cu","T154",6,100
"1450","Cu","T155",1,100
"1451","Cu","T156",6,100
"1452","Cu","T157",5,100
"1453","Cu","T158",4,100
"1454","Cu","T159",5,100
"1455","Cu","T160",5,100
"1456","Cu","T161",4,100
"1457","Cu","T162",3,100
"1458","Cu","T163",6,100
"1459","Cu","T164",4,100
"1460","Cu","T166",4,100
"1461","Cu","T169",6,100
"1462","Cu","T170",3,100
"1463","Cu","T172",4,100
"1464","Cu","T178",4,100
"1465","Cu","T180",1,100
"1466","Cu","T181",2,100
"1467","Cu","T182",3,100
"1468","Cu","T183",3,100
"1469","Cu","T187",5,100
"1470","Cu","T188",5,100
"1471","Cu","T190",1,100
"1472","Cu","T192",4,100
"1473","Cu","T193",3,100
"1474","Cu","T194",3,100
"1475","Cu","T198",5,100
"1476","Cu","T199",5,100
"1477","Fe","D302",2,100
"1478","Fe","D303",2,100
"1479","Fe","D304",1,100
"1480","Fe","D305",6,100
"1481","Fe","D306",1,100
"1482","Fe","D307",3,100
"1483","Fe","D308",6,100
"1484","Fe","D309",3,100
"1485","Fe","D310",1,100
"1486","Fe","D311",4,100
"1487","Fe","D312",2,100
"1488","Fe","D315",2,100
"1489","Fe","D316",2,100
"1490","Fe","D317",6,100
"1491","Fe","D319",2,100
"1492","Fe","D321",6,100
"1493","Fe","D325",2,100
"1494","Fe","D326",2,100
"1495","Fe","G400",6,100
"1496","Fe","G401",5,100
"1497","Fe","G402",7,100
"1498","Fe","G403",6,100
"1499","Fe","G404",5,100
"1500","Fe","G405",5,100
"1501","Fe","G407",5,100
"1502","Fe","G408",2,100
"1503","Fe","G409",2,100
"1504","Fe","G410",5,100
"1505","Fe","G412",6,100
"1506","Fe","G413",6,100
"1507","Fe","G414",6,100
"1508","Fe","G415",6,100
"1509","Fe","G416",4,100
"1510","Fe","G417",5,100
"1511","Fe","G418",5,100
"1512","Fe","G419",3,100
"1513","Fe","G420",5,100
"1514","Fe","G422",5,100
"1515","Fe","G424",4,100
"1516","Fe","G425",4,100
"1517","Fe","G426",5,100
"1518","Fe","G427",5,100
"1519","Fe","G428",6,100
"1520","Fe","G429",1,100
"1521","Fe","H203",5,100
"1522","Fe","H204",5,100
"1523","Fe","H205",3,100
"1524","Fe","H206",6,100
"1525","Fe","H208",7,100
"1526","Fe","H209",6,100
"1527","Fe","H210",6,100
"1528","Fe","H211",4,100
"1529","Fe","H212",2,100
"1530","Fe","H213",4,100
"1531","Fe","H214",5,100
"1532","Fe","H215",5,100
"1533","Fe","H216",5,100
"1534","Fe","H217",5,100
"1535","Fe","H218",4,100
"1536","Fe","H219",4,100
"1537","Fe","H220",5,100
"1538","Fe","H221",6,100
"1539","Fe","H222",4,100
"1540","Fe","H224",1,100
"1541","Fe","H225",1,100
"1542","Fe","T002",2,100
"1543","Fe","T006",1,100
"1544","Fe","T008",2,100
"1545","Fe","T009",2,100
"1546","Fe","T010",2,100
"1547","Fe","T013",1,100
"1548","Fe","T014",2,100
"1549","Fe","T015",2,100
"1550","Fe","T016",1,100
"1551","Fe","T018",2,100
"1552","Fe","T019",2,100
"1553","Fe","T020",2,100
"1554","Fe","T022",2,100
"1555","Fe","T023",2,100
"1556","Fe","T024",2,100
"1557","Fe","T025",2,100
"1558","Fe","T029",2,100
"1559","Fe","T033",1,100
"1560","Fe","T034",2,100
"1561","Fe","T035",2,100
"1562","Fe","T036",2,100
"1563","Fe","T037",1,100
"1564","Fe","T038",2,100
"1565","Fe","T039",2,100
"1566","Fe","T040",2,100
"1567","Fe","T041",1,100
"1568","Fe","T044",2,100
"1569","Fe","T046",2,100
"1570","Fe","T047",2,100
"1571","Fe","T048",1,0
"1572","Fe","T101",6,100
"1573","Fe","T102",6,100
"1574","Fe","T104",4,100
"1575","Fe","T105",1,100
"1576","Fe","T106",4,100
"1577","Fe","T107",4,100
"1578","Fe","T108",1,100
"1579","Fe","T109",6,100
"1580","Fe","T110",4,100
"1581","Fe","T111",4,100
"1582","Fe","T112",3,100
"1583","Fe","T113",6,100
"1584","Fe","T114",5,100
"1585","Fe","T115",1,100
"1586","Fe","T116",4,100
"1587","Fe","T117",5,100
"1588","Fe","T118",2,100
"1589","Fe","T119",1,100
"1590","Fe","T120",4,100
"1591","Fe","T121",6,100
"1592","Fe","T122",6,100
"1593","Fe","T123",4,100
"1594","Fe","T127",3,100
"1595","Fe","T128",6,83.3
"1596","Fe","T129",2,100
"1597","Fe","T132",4,100
"1598","Fe","T133",2,100
"1599","Fe","T134",1,100
"1600","Fe","T135",1,100
"1601","Fe","T137",3,100
"1602","Fe","T138",5,100
"1603","Fe","T141",5,100
"1604","Fe","T142",3,100
"1605","Fe","T143",5,100
"1606","Fe","T144",2,100
"1607","Fe","T146",3,100
"1608","Fe","T149",1,100
"1609","Fe","T150",2,100
"1610","Fe","T151",1,100
"1611","Fe","T152",4,100
"1612","Fe","T153",4,100
"1613","Fe","T154",6,100
"1614","Fe","T155",1,100
"1615","Fe","T156",6,100
"1616","Fe","T157",5,100
"1617","Fe","T158",4,100
"1618","Fe","T159",5,100
"1619","Fe","T160",5,100
"1620","Fe","T161",4,100
"1621","Fe","T162",3,100
"1622","Fe","T163",6,100
"1623","Fe","T164",4,100
"1624","Fe","T166",4,100
"1625","Fe","T169",6,100
"1626","Fe","T170",3,100
"1627","Fe","T172",4,100
"1628","Fe","T178",4,100
"1629","Fe","T180",1,100
"1630","Fe","T181",2,100
"1631","Fe","T182",3,100
"1632","Fe","T183",3,100
"1633","Fe","T187",5,100
"1634","Fe","T188",5,100
"1635","Fe","T190",1,100
"1636","Fe","T192",4,100
"1637","Fe","T193",3,100
"1638","Fe","T194",3,100
"1639","Fe","T198",5,100
"1640","Fe","T199",5,100
"1641","Mn","D302",2,100
"1642","Mn","D303",2,100
"1643","Mn","D304",1,100
"1644","Mn","D305",6,100
"1645","Mn","D306",1,100
"1646","Mn","D307",3,100
"1647","Mn","D308",6,100
"1648","Mn","D309",3,100
"1649","Mn","D310",1,100
"1650","Mn","D311",4,100
"1651","Mn","D312",2,100
"1652","Mn","D315",2,100
"1653","Mn","D316",2,100
"1654","Mn","D317",6,100
"1655","Mn","D319",2,100
"1656","Mn","D321",6,100
"1657","Mn","D325",2,100
"1658","Mn","D326",2,100
"1659","Mn","G400",6,100
"1660","Mn","G401",5,100
"1661","Mn","G402",7,100
"1662","Mn","G403",6,100
"1663","Mn","G404",5,100
"1664","Mn","G405",5,100
"1665","Mn","G407",5,100
"1666","Mn","G408",2,100
"1667","Mn","G409",2,100
"1668","Mn","G410",5,100
"1669","Mn","G412",6,100
"1670","Mn","G413",6,100
"1671","Mn","G414",6,100
"1672","Mn","G415",6,100
"1673","Mn","G416",4,100
"1674","Mn","G417",5,100
"1675","Mn","G418",5,100
"1676","Mn","G419",3,100
"1677","Mn","G420",5,100
"1678","Mn","G422",5,100
"1679","Mn","G424",4,100
"1680","Mn","G425",4,100
"1681","Mn","G426",5,100
"1682","Mn","G427",5,100
"1683","Mn","G428",6,100
"1684","Mn","G429",1,100
"1685","Mn","H203",5,100
"1686","Mn","H204",5,100
"1687","Mn","H205",3,100
"1688","Mn","H206",6,100
"1689","Mn","H208",7,100
"1690","Mn","H209",6,100
"1691","Mn","H210",6,100
"1692","Mn","H211",4,100
"1693","Mn","H212",2,100
"1694","Mn","H213",4,100
"1695","Mn","H214",5,100
"1696","Mn","H215",5,100
"1697","Mn","H216",5,100
"1698","Mn","H217",5,100
"1699","Mn","H218",4,100
"1700","Mn","H219",4,100
"1701","Mn","H220",5,100
"1702","Mn","H221",6,100
"1703","Mn","H222",4,100
"1704","Mn","H224",1,100
"1705","Mn","H225",1,100
"1706","Mn","T002",2,100
"1707","Mn","T006",1,100
"1708","Mn","T008",2,100
"1709","Mn","T009",2,100
"1710","Mn","T010",2,100
"1711","Mn","T013",1,100
"1712","Mn","T014",2,100
"1713","Mn","T015",2,100
"1714","Mn","T016",1,100
"1715","Mn","T018",2,100
"1716","Mn","T019",2,100
"1717","Mn","T020",2,100
"1718","Mn","T022",2,100
"1719","Mn","T023",2,100
"1720","Mn","T024",2,100
"1721","Mn","T025",2,100
"1722","Mn","T029",2,100
"1723","Mn","T033",1,100
"1724","Mn","T034",2,100
"1725","Mn","T035",2,100
"1726","Mn","T036",2,100
"1727","Mn","T037",1,100
"1728","Mn","T038",2,100
"1729","Mn","T039",2,100
"1730","Mn","T040",2,100
"1731","Mn","T041",1,100
"1732","Mn","T044",2,100
"1733","Mn","T046",2,100
"1734","Mn","T047",2,100
"1735","Mn","T048",1,100
"1736","Mn","T101",6,100
"1737","Mn","T102",6,100
"1738","Mn","T104",4,100
"1739","Mn","T105",1,100
"1740","Mn","T106",4,100
"1741","Mn","T107",4,100
"1742","Mn","T108",1,100
"1743","Mn","T109",6,100
"1744","Mn","T110",4,100
"1745","Mn","T111",4,100
"1746","Mn","T112",3,100
"1747","Mn","T113",6,100
"1748","Mn","T114",5,100
"1749","Mn","T115",1,100
"1750","Mn","T116",4,100
"1751","Mn","T117",5,100
"1752","Mn","T118",2,100
"1753","Mn","T119",1,100
"1754","Mn","T120",4,100
"1755","Mn","T121",6,100
"1756","Mn","T122",6,100
"1757","Mn","T123",4,100
"1758","Mn","T127",3,100
"1759","Mn","T128",6,100
"1760","Mn","T129",2,100
"1761","Mn","T132",4,100
"1762","Mn","T133",2,100
"1763","Mn","T134",1,100
"1764","Mn","T135",1,100
"1765","Mn","T137",3,100
"1766","Mn","T138",5,100
"1767","Mn","T141",5,100
"1768","Mn","T142",3,100
"1769","Mn","T143",5,100
"1770","Mn","T144",2,100
"1771","Mn","T146",3,100
"1772","Mn","T149",1,100
"1773","Mn","T150",2,100
"1774","Mn","T151",1,100
"1775","Mn","T152",4,100
"1776","Mn","T153",4,100
"1777","Mn","T154",6,100
"1778","Mn","T155",1,100
"1779","Mn","T156",6,100
"1780","Mn","T157",5,100
"1781","Mn","T158",4,100
"1782","Mn","T159",5,100
"1783","Mn","T160",5,100
"1784","Mn","T161",4,100
"1785","Mn","T162",3,100
"1786","Mn","T163",6,100
"1787","Mn","T164",4,100
"1788","Mn","T166",4,100
"1789","Mn","T169",6,100
"1790","Mn","T170",3,100
"1791","Mn","T172",4,100
"1792","Mn","T178",4,100
"1793","Mn","T180",1,100
"1794","Mn","T181",2,100
"1795","Mn","T182",3,100
"1796","Mn","T183",3,100
"1797","Mn","T187",5,100
"1798","Mn","T188",5,100
"1799","Mn","T190",1,100
"1800","Mn","T192",4,100
"1801","Mn","T193",3,100
"1802","Mn","T194",3,100
"1803","Mn","T198",5,100
"1804","Mn","T199",5,100
"1805","Mo","D302",2,100
"1806","Mo","D303",2,100
"1807","Mo","D304",1,100
"1808","Mo","D305",6,100
"1809","Mo","D306",1,100
"1810","Mo","D307",3,100
"1811","Mo","D308",6,100
"1812","Mo","D309",3,100
"1813","Mo","D310",1,100
"1814","Mo","D311",4,100
"1815","Mo","D312",2,100
"1816","Mo","D315",2,100
"1817","Mo","D316",2,100
"1818","Mo","D317",6,100
"1819","Mo","D319",2,100
"1820","Mo","D321",6,100
"1821","Mo","D325",2,100
"1822","Mo","D326",2,100
"1823","Mo","G400",6,100
"1824","Mo","G401",5,100
"1825","Mo","G402",7,100
"1826","Mo","G403",6,100
"1827","Mo","G404",5,100
"1828","Mo","G405",5,100
"1829","Mo","G407",5,100
"1830","Mo","G408",2,100
"1831","Mo","G409",2,100
"1832","Mo","G410",5,100
"1833","Mo","G412",6,100
"1834","Mo","G413",6,100
"1835","Mo","G414",6,100
"1836","Mo","G415",6,100
"1837","Mo","G416",4,100
"1838","Mo","G417",5,100
"1839","Mo","G418",5,100
"1840","Mo","G419",3,100
"1841","Mo","G420",5,100
"1842","Mo","G422",5,100
"1843","Mo","G424",4,100
"1844","Mo","G425",4,100
"1845","Mo","G426",5,100
"1846","Mo","G427",5,100
"1847","Mo","G428",6,100
"1848","Mo","G429",1,100
"1849","Mo","H203",5,100
"1850","Mo","H204",5,100
"1851","Mo","H205",3,100
"1852","Mo","H206",6,100
"1853","Mo","H208",7,100
"1854","Mo","H209",6,100
"1855","Mo","H210",6,100
"1856","Mo","H211",4,100
"1857","Mo","H212",2,100
"1858","Mo","H213",4,100
"1859","Mo","H214",5,100
"1860","Mo","H215",5,100
"1861","Mo","H216",5,100
"1862","Mo","H217",5,100
"1863","Mo","H218",4,100
"1864","Mo","H219",4,100
"1865","Mo","H220",5,100
"1866","Mo","H221",6,100
"1867","Mo","H222",4,100
"1868","Mo","H224",1,100
"1869","Mo","H225",1,100
"1870","Mo","T002",2,100
"1871","Mo","T006",1,100
"1872","Mo","T008",2,100
"1873","Mo","T009",2,100
"1874","Mo","T010",2,100
"1875","Mo","T013",1,100
"1876","Mo","T014",2,100
"1877","Mo","T015",2,100
"1878","Mo","T016",1,100
"1879","Mo","T018",2,100
"1880","Mo","T019",2,100
"1881","Mo","T020",2,100
"1882","Mo","T022",2,100
"1883","Mo","T023",2,100
"1884","Mo","T024",2,100
"1885","Mo","T025",2,100
"1886","Mo","T029",2,100
"1887","Mo","T033",1,100
"1888","Mo","T034",2,100
"1889","Mo","T035",2,100
"1890","Mo","T036",2,100
"1891","Mo","T037",1,100
"1892","Mo","T038",2,100
"1893","Mo","T039",2,100
"1894","Mo","T040",2,100
"1895","Mo","T041",1,100
"1896","Mo","T044",2,100
"1897","Mo","T046",2,100
"1898","Mo","T047",2,100
"1899","Mo","T048",1,100
"1900","Mo","T101",6,100
"1901","Mo","T102",6,100
"1902","Mo","T104",4,100
"1903","Mo","T105",1,100
"1904","Mo","T106",4,100
"1905","Mo","T107",4,100
"1906","Mo","T108",1,100
"1907","Mo","T109",6,100
"1908","Mo","T110",4,100
"1909","Mo","T111",4,100
"1910","Mo","T112",3,100
"1911","Mo","T113",6,100
"1912","Mo","T114",5,100
"1913","Mo","T115",1,100
"1914","Mo","T116",4,100
"1915","Mo","T117",5,100
"1916","Mo","T118",2,100
"1917","Mo","T119",1,100
"1918","Mo","T120",4,100
"1919","Mo","T121",6,100
"1920","Mo","T122",6,100
"1921","Mo","T123",4,100
"1922","Mo","T127",3,100
"1923","Mo","T128",6,100
"1924","Mo","T129",2,100
"1925","Mo","T132",4,100
"1926","Mo","T133",2,100
"1927","Mo","T134",1,100
"1928","Mo","T135",1,100
"1929","Mo","T137",3,100
"1930","Mo","T138",5,100
"1931","Mo","T141",5,100
"1932","Mo","T142",3,100
"1933","Mo","T143",5,100
"1934","Mo","T144",2,100
"1935","Mo","T146",3,100
"1936","Mo","T149",1,100
"1937","Mo","T150",2,100
"1938","Mo","T151",1,100
"1939","Mo","T152",4,100
"1940","Mo","T153",4,100
"1941","Mo","T154",6,100
"1942","Mo","T155",1,100
"1943","Mo","T156",6,100
"1944","Mo","T157",5,100
"1945","Mo","T158",4,100
"1946","Mo","T159",5,100
"1947","Mo","T160",5,100
"1948","Mo","T161",4,100
"1949","Mo","T162",3,100
"1950","Mo","T163",6,100
"1951","Mo","T164",4,75
"1952","Mo","T166",4,100
"1953","Mo","T169",6,100
"1954","Mo","T170",3,100
"1955","Mo","T172",4,100
"1956","Mo","T178",4,100
"1957","Mo","T180",1,100
"1958","Mo","T181",2,100
"1959","Mo","T182",3,100
"1960","Mo","T183",3,100
"1961","Mo","T187",5,100
"1962","Mo","T188",5,100
"1963","Mo","T190",1,100
"1964","Mo","T192",4,100
"1965","Mo","T193",3,100
"1966","Mo","T194",3,100
"1967","Mo","T198",5,100
"1968","Mo","T199",5,100
"1969","Ni","D302",2,100
"1970","Ni","D303",2,100
"1971","Ni","D304",1,100
"1972","Ni","D305",6,100
"1973","Ni","D306",1,100
"1974","Ni","D307",3,100
"1975","Ni","D308",6,100
"1976","Ni","D309",3,100
"1977","Ni","D310",1,100
"1978","Ni","D311",4,100
"1979","Ni","D312",2,100
"1980","Ni","D315",2,100
"1981","Ni","D316",2,100
"1982","Ni","D317",6,100
"1983","Ni","D319",2,100
"1984","Ni","D321",6,100
"1985","Ni","D325",2,100
"1986","Ni","D326",2,100
"1987","Ni","G400",6,100
"1988","Ni","G401",5,100
"1989","Ni","G402",7,100
"1990","Ni","G403",6,100
"1991","Ni","G404",5,100
"1992","Ni","G405",5,100
"1993","Ni","G407",5,100
"1994","Ni","G408",2,100
"1995","Ni","G409",2,100
"1996","Ni","G410",5,100
"1997","Ni","G412",6,100
"1998","Ni","G413",6,100
"1999","Ni","G414",6,100
"2000","Ni","G415",6,100
"2001","Ni","G416",4,100
"2002","Ni","G417",5,100
"2003","Ni","G418",5,100
"2004","Ni","G419",3,100
"2005","Ni","G420",5,100
"2006","Ni","G422",5,100
"2007","Ni","G424",4,100
"2008","Ni","G425",4,100
"2009","Ni","G426",5,100
"2010","Ni","G427",5,100
"2011","Ni","G428",6,100
"2012","Ni","G429",1,100
"2013","Ni","H203",5,100
"2014","Ni","H204",5,80
"2015","Ni","H205",3,100
"2016","Ni","H206",6,100
"2017","Ni","H208",7,100
"2018","Ni","H209",6,100
"2019","Ni","H210",6,100
"2020","Ni","H211",4,100
"2021","Ni","H212",2,100
"2022","Ni","H213",4,100
"2023","Ni","H214",5,100
"2024","Ni","H215",5,100
"2025","Ni","H216",5,100
"2026","Ni","H217",5,100
"2027","Ni","H218",4,100
"2028","Ni","H219",4,100
"2029","Ni","H220",5,100
"2030","Ni","H221",6,100
"2031","Ni","H222",4,100
"2032","Ni","H224",1,100
"2033","Ni","H225",1,100
"2034","Ni","T002",2,100
"2035","Ni","T006",1,100
"2036","Ni","T008",2,100
"2037","Ni","T009",2,100
"2038","Ni","T010",2,100
"2039","Ni","T013",1,100
"2040","Ni","T014",2,100
"2041","Ni","T015",2,100
"2042","Ni","T016",1,100
"2043","Ni","T018",2,100
"2044","Ni","T019",2,100
"2045","Ni","T020",2,100
"2046","Ni","T022",2,100
"2047","Ni","T023",2,100
"2048","Ni","T024",2,100
"2049","Ni","T025",2,100
"2050","Ni","T029",2,100
"2051","Ni","T033",1,100
"2052","Ni","T034",2,100
"2053","Ni","T035",2,100
"2054","Ni","T036",2,100
"2055","Ni","T037",1,100
"2056","Ni","T038",2,100
"2057","Ni","T039",2,100
"2058","Ni","T040",2,100
"2059","Ni","T041",1,100
"2060","Ni","T044",2,100
"2061","Ni","T046",2,100
"2062","Ni","T047",2,100
"2063","Ni","T048",1,100
"2064","Ni","T101",6,100
"2065","Ni","T102",6,100
"2066","Ni","T104",4,100
"2067","Ni","T105",1,100
"2068","Ni","T106",4,100
"2069","Ni","T107",4,100
"2070","Ni","T108",1,100
"2071","Ni","T109",6,100
"2072","Ni","T110",4,100
"2073","Ni","T111",4,100
"2074","Ni","T112",3,100
"2075","Ni","T113",6,100
"2076","Ni","T114",5,100
"2077","Ni","T115",1,100
"2078","Ni","T116",4,100
"2079","Ni","T117",5,100
"2080","Ni","T118",2,100
"2081","Ni","T119",1,100
"2082","Ni","T120",4,100
"2083","Ni","T121",6,100
"2084","Ni","T122",6,100
"2085","Ni","T123",4,100
"2086","Ni","T127",3,100
"2087","Ni","T128",6,83.3
"2088","Ni","T129",2,100
"2089","Ni","T132",4,100
"2090","Ni","T133",2,100
"2091","Ni","T134",1,100
"2092","Ni","T135",1,100
"2093","Ni","T137",3,100
"2094","Ni","T138",5,100
"2095","Ni","T141",5,100
"2096","Ni","T142",3,100
"2097","Ni","T143",5,100
"2098","Ni","T144",2,100
"2099","Ni","T146",3,100
"2100","Ni","T149",1,100
"2101","Ni","T150",2,100
"2102","Ni","T151",1,100
"2103","Ni","T152",4,100
"2104","Ni","T153",4,100
"2105","Ni","T154",6,100
"2106","Ni","T155",1,100
"2107","Ni","T156",6,100
"2108","Ni","T157",5,100
"2109","Ni","T158",4,100
"2110","Ni","T159",5,100
"2111","Ni","T160",5,100
"2112","Ni","T161",4,100
"2113","Ni","T162",3,100
"2114","Ni","T163",6,100
"2115","Ni","T164",4,100
"2116","Ni","T166",4,100
"2117","Ni","T169",6,100
"2118","Ni","T170",3,100
"2119","Ni","T172",4,100
"2120","Ni","T178",4,100
"2121","Ni","T180",1,100
"2122","Ni","T181",2,100
"2123","Ni","T182",3,100
"2124","Ni","T183",3,100
"2125","Ni","T187",5,100
"2126","Ni","T188",5,100
"2127","Ni","T190",1,100
"2128","Ni","T192",4,75
"2129","Ni","T193",3,100
"2130","Ni","T194",3,100
"2131","Ni","T198",5,100
"2132","Ni","T199",5,100
"2133","Pb","D302",2,100
"2134","Pb","D303",2,100
"2135","Pb","D304",1,100
"2136","Pb","D305",6,100
"2137","Pb","D306",1,100
"2138","Pb","D307",3,100
"2139","Pb","D308",6,100
"2140","Pb","D309",3,100
"2141","Pb","D310",1,100
"2142","Pb","D311",4,100
"2143","Pb","D312",2,100
"2144","Pb","D315",2,100
"2145","Pb","D316",2,100
"2146","Pb","D317",6,100
"2147","Pb","D319",2,100
"2148","Pb","D321",6,100
"2149","Pb","D325",2,100
"2150","Pb","D326",2,100
"2151","Pb","G400",6,100
"2152","Pb","G401",5,100
"2153","Pb","G402",7,100
"2154","Pb","G403",6,100
"2155","Pb","G404",5,100
"2156","Pb","G405",5,100
"2157","Pb","G407",5,100
"2158","Pb","G408",2,100
"2159","Pb","G409",2,100
"2160","Pb","G410",5,100
"2161","Pb","G412",6,100
"2162","Pb","G413",6,100
"2163","Pb","G414",6,100
"2164","Pb","G415",6,100
"2165","Pb","G416",4,100
"2166","Pb","G417",5,100
"2167","Pb","G418",5,100
"2168","Pb","G419",3,100
"2169","Pb","G420",5,100
"2170","Pb","G422",5,100
"2171","Pb","G424",4,100
"2172","Pb","G425",4,100
"2173","Pb","G426",5,100
"2174","Pb","G427",5,100
"2175","Pb","G428",6,100
"2176","Pb","G429",1,100
"2177","Pb","H203",5,100
"2178","Pb","H204",5,100
"2179","Pb","H205",3,100
"2180","Pb","H206",6,100
"2181","Pb","H208",7,100
"2182","Pb","H209",6,100
"2183","Pb","H210",6,100
"2184","Pb","H211",4,100
"2185","Pb","H212",2,100
"2186","Pb","H213",4,100
"2187","Pb","H214",5,100
"2188","Pb","H215",5,100
"2189","Pb","H216",5,100
"2190","Pb","H217",5,100
"2191","Pb","H218",4,100
"2192","Pb","H219",4,100
"2193","Pb","H220",5,100
"2194","Pb","H221",6,100
"2195","Pb","H222",4,100
"2196","Pb","H224",1,100
"2197","Pb","H225",1,100
"2198","Pb","T002",2,100
"2199","Pb","T006",1,100
"2200","Pb","T008",2,100
"2201","Pb","T009",2,100
"2202","Pb","T010",2,100
"2203","Pb","T013",1,100
"2204","Pb","T014",2,100
"2205","Pb","T015",2,100
"2206","Pb","T016",1,100
"2207","Pb","T018",2,100
"2208","Pb","T019",2,100
"2209","Pb","T020",2,100
"2210","Pb","T022",2,100
"2211","Pb","T023",2,100
"2212","Pb","T024",2,100
"2213","Pb","T025",2,100
"2214","Pb","T029",2,100
"2215","Pb","T033",1,100
"2216","Pb","T034",2,100
"2217","Pb","T035",2,100
"2218","Pb","T036",2,100
"2219","Pb","T037",1,100
"2220","Pb","T038",2,100
"2221","Pb","T039",2,100
"2222","Pb","T040",2,100
"2223","Pb","T041",1,100
"2224","Pb","T044",2,100
"2225","Pb","T046",2,100
"2226","Pb","T047",2,100
"2227","Pb","T048",1,100
"2228","Pb","T101",6,100
"2229","Pb","T102",6,100
"2230","Pb","T104",4,100
"2231","Pb","T105",1,100
"2232","Pb","T106",4,100
"2233","Pb","T107",4,100
"2234","Pb","T108",1,100
"2235","Pb","T109",6,100
"2236","Pb","T110",4,100
"2237","Pb","T111",4,100
"2238","Pb","T112",3,100
"2239","Pb","T113",6,100
"2240","Pb","T114",5,100
"2241","Pb","T115",1,100
"2242","Pb","T116",4,100
"2243","Pb","T117",5,100
"2244","Pb","T118",2,100
"2245","Pb","T119",1,100
"2246","Pb","T120",4,100
"2247","Pb","T121",6,100
"2248","Pb","T122",6,100
"2249","Pb","T123",4,100
"2250","Pb","T127",3,100
"2251","Pb","T128",6,100
"2252","Pb","T129",2,100
"2253","Pb","T132",4,100
"2254","Pb","T133",2,100
"2255","Pb","T134",1,100
"2256","Pb","T135",1,100
"2257","Pb","T137",3,100
"2258","Pb","T138",5,100
"2259","Pb","T141",5,100
"2260","Pb","T142",3,100
"2261","Pb","T143",5,100
"2262","Pb","T144",2,100
"2263","Pb","T146",3,100
"2264","Pb","T149",1,100
"2265","Pb","T150",2,100
"2266","Pb","T151",1,100
"2267","Pb","T152",4,100
"2268","Pb","T153",4,100
"2269","Pb","T154",6,100
"2270","Pb","T155",1,100
"2271","Pb","T156",6,100
"2272","Pb","T157",5,100
"2273","Pb","T158",4,100
"2274","Pb","T159",5,80
"2275","Pb","T160",5,100
"2276","Pb","T161",4,100
"2277","Pb","T162",3,100
"2278","Pb","T163",6,100
"2279","Pb","T164",4,100
"2280","Pb","T166",4,100
"2281","Pb","T169",6,100
"2282","Pb","T170",3,100
"2283","Pb","T172",4,100
"2284","Pb","T178",4,100
"2285","Pb","T180",1,100
"2286","Pb","T181",2,100
"2287","Pb","T182",3,100
"2288","Pb","T183",3,100
"2289","Pb","T187",5,100
"2290","Pb","T188",5,100
"2291","Pb","T190",1,100
"2292","Pb","T192",4,100
"2293","Pb","T193",3,100
"2294","Pb","T194",3,100
"2295","Pb","T198",5,100
"2296","Pb","T199",5,100
"2297","Sb","D302",2,100
"2298","Sb","D303",2,100
"2299","Sb","D304",1,100
"2300","Sb","D305",6,100
"2301","Sb","D306",1,100
"2302","Sb","D307",3,100
"2303","Sb","D308",6,100
"2304","Sb","D309",3,100
"2305","Sb","D310",1,100
"2306","Sb","D311",4,100
"2307","Sb","D312",2,100
"2308","Sb","D315",2,100
"2309","Sb","D316",2,100
"2310","Sb","D317",6,100
"2311","Sb","D319",2,100
"2312","Sb","D321",6,100
"2313","Sb","D325",2,100
"2314","Sb","D326",2,100
"2315","Sb","G400",6,100
"2316","Sb","G401",5,100
"2317","Sb","G402",7,100
"2318","Sb","G403",6,100
"2319","Sb","G404",5,100
"2320","Sb","G405",5,100
"2321","Sb","G407",5,100
"2322","Sb","G408",2,100
"2323","Sb","G409",2,100
"2324","Sb","G410",5,100
"2325","Sb","G412",6,100
"2326","Sb","G413",6,100
"2327","Sb","G414",6,100
"2328","Sb","G415",6,100
"2329","Sb","G416",4,100
"2330","Sb","G417",5,100
"2331","Sb","G418",5,100
"2332","Sb","G419",3,100
"2333","Sb","G420",5,100
"2334","Sb","G422",5,100
"2335","Sb","G424",4,100
"2336","Sb","G425",4,100
"2337","Sb","G426",5,100
"2338","Sb","G427",5,100
"2339","Sb","G428",6,100
"2340","Sb","G429",1,100
"2341","Sb","H203",5,100
"2342","Sb","H204",5,100
"2343","Sb","H205",3,100
"2344","Sb","H206",6,100
"2345","Sb","H208",7,100
"2346","Sb","H209",6,100
"2347","Sb","H210",6,100
"2348","Sb","H211",4,100
"2349","Sb","H212",2,100
"2350","Sb","H213",4,100
"2351","Sb","H214",5,100
"2352","Sb","H215",5,100
"2353","Sb","H216",5,100
"2354","Sb","H217",5,100
"2355","Sb","H218",4,100
"2356","Sb","H219",4,100
"2357","Sb","H220",5,100
"2358","Sb","H221",6,100
"2359","Sb","H222",4,100
"2360","Sb","H224",1,100
"2361","Sb","H225",1,100
"2362","Sb","T002",2,100
"2363","Sb","T006",1,100
"2364","Sb","T008",2,100
"2365","Sb","T009",2,100
"2366","Sb","T010",2,100
"2367","Sb","T013",1,100
"2368","Sb","T014",2,100
"2369","Sb","T015",2,100
"2370","Sb","T016",1,100
"2371","Sb","T018",2,100
"2372","Sb","T019",2,100
"2373","Sb","T020",2,100
"2374","Sb","T022",2,100
"2375","Sb","T023",2,100
"2376","Sb","T024",2,100
"2377","Sb","T025",2,100
"2378","Sb","T029",2,100
"2379","Sb","T033",1,100
"2380","Sb","T034",2,100
"2381","Sb","T035",2,100
"2382","Sb","T036",2,100
"2383","Sb","T037",1,100
"2384","Sb","T038",2,100
"2385","Sb","T039",2,100
"2386","Sb","T040",2,100
"2387","Sb","T041",1,100
"2388","Sb","T044",2,100
"2389","Sb","T046",2,100
"2390","Sb","T047",2,100
"2391","Sb","T048",1,100
"2392","Sb","T101",6,100
"2393","Sb","T102",6,100
"2394","Sb","T104",4,100
"2395","Sb","T105",1,100
"2396","Sb","T106",4,100
"2397","Sb","T107",4,100
"2398","Sb","T108",1,100
"2399","Sb","T109",6,100
"2400","Sb","T110",4,100
"2401","Sb","T111",4,100
"2402","Sb","T112",3,100
"2403","Sb","T113",6,100
"2404","Sb","T114",5,100
"2405","Sb","T115",1,100
"2406","Sb","T116",4,100
"2407","Sb","T117",5,100
"2408","Sb","T118",2,100
"2409","Sb","T119",1,100
"2410","Sb","T120",4,100
"2411","Sb","T121",6,100
"2412","Sb","T122",6,100
"2413","Sb","T123",4,100
"2414","Sb","T127",3,100
"2415","Sb","T128",6,100
"2416","Sb","T129",2,100
"2417","Sb","T132",4,100
"2418","Sb","T133",2,100
"2419","Sb","T134",1,100
"2420","Sb","T135",1,100
"2421","Sb","T137",3,100
"2422","Sb","T138",5,100
"2423","Sb","T141",5,100
"2424","Sb","T142",3,100
"2425","Sb","T143",5,100
"2426","Sb","T144",2,100
"2427","Sb","T146",3,100
"2428","Sb","T149",1,100
"2429","Sb","T150",2,100
"2430","Sb","T151",1,100
"2431","Sb","T152",4,100
"2432","Sb","T153",4,100
"2433","Sb","T154",6,100
"2434","Sb","T155",1,100
"2435","Sb","T156",6,100
"2436","Sb","T157",5,100
"2437","Sb","T158",4,100
"2438","Sb","T159",5,100
"2439","Sb","T160",5,100
"2440","Sb","T161",4,100
"2441","Sb","T162",3,100
"2442","Sb","T163",6,100
"2443","Sb","T164",4,100
"2444","Sb","T166",4,100
"2445","Sb","T169",6,100
"2446","Sb","T170",3,100
"2447","Sb","T172",4,100
"2448","Sb","T178",4,100
"2449","Sb","T180",1,100
"2450","Sb","T181",2,100
"2451","Sb","T182",3,100
"2452","Sb","T183",3,100
"2453","Sb","T187",5,100
"2454","Sb","T188",5,100
"2455","Sb","T190",1,100
"2456","Sb","T192",4,100
"2457","Sb","T193",3,100
"2458","Sb","T194",3,100
"2459","Sb","T198",5,100
"2460","Sb","T199",5,100
"2461","Se","D302",2,100
"2462","Se","D303",2,100
"2463","Se","D304",1,100
"2464","Se","D305",6,0
"2465","Se","D306",1,0
"2466","Se","D307",3,33.3
"2467","Se","D308",6,50
"2468","Se","D309",3,66.7
"2469","Se","D310",1,100
"2470","Se","D311",4,50
"2471","Se","D312",2,0
"2472","Se","D315",2,0
"2473","Se","D316",2,100
"2474","Se","D317",6,33.3
"2475","Se","D319",2,0
"2476","Se","D321",6,33.3
"2477","Se","D325",2,50
"2478","Se","D326",2,0
"2479","Se","G400",6,16.7
"2480","Se","G401",5,40
"2481","Se","G402",7,42.9
"2482","Se","G403",6,33.3
"2483","Se","G404",5,60
"2484","Se","G405",5,60
"2485","Se","G407",5,20
"2486","Se","G408",2,100
"2487","Se","G409",2,100
"2488","Se","G410",5,40
"2489","Se","G412",6,33.3
"2490","Se","G413",6,66.7
"2491","Se","G414",6,33.3
"2492","Se","G415",6,66.7
"2493","Se","G416",4,75
"2494","Se","G417",5,60
"2495","Se","G418",5,60
"2496","Se","G419",3,100
"2497","Se","G420",5,20
"2498","Se","G422",5,40
"2499","Se","G424",4,50
"2500","Se","G425",4,50
"2501","Se","G426",5,20
"2502","Se","G427",5,40
"2503","Se","G428",6,50
"2504","Se","G429",1,0
"2505","Se","H203",5,40
"2506","Se","H204",5,40
"2507","Se","H205",3,66.7
"2508","Se","H206",6,66.7
"2509","Se","H208",7,42.9
"2510","Se","H209",6,50
"2511","Se","H210",6,66.7
"2512","Se","H211",4,50
"2513","Se","H212",2,100
"2514","Se","H213",4,25
"2515","Se","H214",5,60
"2516","Se","H215",5,80
"2517","Se","H216",5,60
"2518","Se","H217",5,60
"2519","Se","H218",4,75
"2520","Se","H219",4,50
"2521","Se","H220",5,60
"2522","Se","H221",6,66.7
"2523","Se","H222",4,50
"2524","Se","H224",1,100
"2525","Se","H225",1,100
"2526","Se","T002",2,100
"2527","Se","T006",1,0
"2528","Se","T008",2,0
"2529","Se","T009",2,0
"2530","Se","T010",2,0
"2531","Se","T013",1,0
"2532","Se","T014",2,0
"2533","Se","T015",2,0
"2534","Se","T016",1,0
"2535","Se","T018",2,50
"2536","Se","T019",2,0
"2537","Se","T020",2,0
"2538","Se","T022",2,50
"2539","Se","T023",2,50
"2540","Se","T024",2,0
"2541","Se","T025",2,0
"2542","Se","T029",2,0
"2543","Se","T033",1,100
"2544","Se","T034",2,0
"2545","Se","T035",2,0
"2546","Se","T036",2,0
"2547","Se","T037",1,0
"2548","Se","T038",2,0
"2549","Se","T039",2,0
"2550","Se","T040",2,0
"2551","Se","T041",1,0
"2552","Se","T044",2,50
"2553","Se","T046",2,50
"2554","Se","T047",2,0
"2555","Se","T048",1,0
"2556","Se","T101",6,66.7
"2557","Se","T102",6,0
"2558","Se","T104",4,50
"2559","Se","T105",1,100
"2560","Se","T106",4,50
"2561","Se","T107",4,50
"2562","Se","T108",1,100
"2563","Se","T109",6,0
"2564","Se","T110",4,50
"2565","Se","T111",4,25
"2566","Se","T112",3,100
"2567","Se","T113",6,66.7
"2568","Se","T114",5,40
"2569","Se","T115",1,100
"2570","Se","T116",4,75
"2571","Se","T117",5,80
"2572","Se","T118",2,100
"2573","Se","T119",1,100
"2574","Se","T120",4,0
"2575","Se","T121",6,66.7
"2576","Se","T122",6,50
"2577","Se","T123",4,50
"2578","Se","T127",3,66.7
"2579","Se","T128",6,83.3
"2580","Se","T129",2,50
"2581","Se","T132",4,75
"2582","Se","T133",2,100
"2583","Se","T134",1,100
"2584","Se","T135",1,100
"2585","Se","T137",3,100
"2586","Se","T138",5,60
"2587","Se","T141",5,80
"2588","Se","T142",3,66.7
"2589","Se","T143",5,60
"2590","Se","T144",2,50
"2591","Se","T146",3,100
"2592","Se","T149",1,0
"2593","Se","T150",2,50
"2594","Se","T151",1,100
"2595","Se","T152",4,50
"2596","Se","T153",4,75
"2597","Se","T154",6,0
"2598","Se","T155",1,100
"2599","Se","T156",6,33.3
"2600","Se","T157",5,80
"2601","Se","T158",4,50
"2602","Se","T159",5,80
"2603","Se","T160",5,20
"2604","Se","T161",4,75
"2605","Se","T162",3,100
"2606","Se","T163",6,0
"2607","Se","T164",4,25
"2608","Se","T166",4,50
"2609","Se","T169",6,33.3
"2610","Se","T170",3,66.7
"2611","Se","T172",4,25
"2612","Se","T178",4,50
"2613","Se","T180",1,0
"2614","Se","T181",2,100
"2615","Se","T182",3,66.7
"2616","Se","T183",3,66.7
"2617","Se","T187",5,60
"2618","Se","T188",5,60
"2619","Se","T190",1,100
"2620","Se","T192",4,50
"2621","Se","T193",3,100
"2622","Se","T194",3,100
"2623","Se","T198",5,60
"2624","Se","T199",5,40
"2625","Sn","D302",2,100
"2626","Sn","D303",2,100
"2627","Sn","D304",1,100
"2628","Sn","D305",6,66.7
"2629","Sn","D306",1,100
"2630","Sn","D307",3,100
"2631","Sn","D308",6,66.7
"2632","Sn","D309",3,100
"2633","Sn","D310",1,100
"2634","Sn","D311",4,75
"2635","Sn","D312",2,100
"2636","Sn","D315",2,50
"2637","Sn","D316",2,50
"2638","Sn","D317",6,66.7
"2639","Sn","D319",2,0
"2640","Sn","D321",6,50
"2641","Sn","D325",2,50
"2642","Sn","D326",2,100
"2643","Sn","G400",6,100
"2644","Sn","G401",5,80
"2645","Sn","G402",7,100
"2646","Sn","G403",6,83.3
"2647","Sn","G404",5,80
"2648","Sn","G405",5,80
"2649","Sn","G407",5,80
"2650","Sn","G408",2,100
"2651","Sn","G409",2,100
"2652","Sn","G410",5,100
"2653","Sn","G412",6,83.3
"2654","Sn","G413",6,83.3
"2655","Sn","G414",6,100
"2656","Sn","G415",6,100
"2657","Sn","G416",4,100
"2658","Sn","G417",5,60
"2659","Sn","G418",5,80
"2660","Sn","G419",3,100
"2661","Sn","G420",5,40
"2662","Sn","G422",5,80
"2663","Sn","G424",4,100
"2664","Sn","G425",4,100
"2665","Sn","G426",5,80
"2666","Sn","G427",5,60
"2667","Sn","G428",6,83.3
"2668","Sn","G429",1,0
"2669","Sn","H203",5,100
"2670","Sn","H204",5,60
"2671","Sn","H205",3,66.7
"2672","Sn","H206",6,100
"2673","Sn","H208",7,71.4
"2674","Sn","H209",6,66.7
"2675","Sn","H210",6,100
"2676","Sn","H211",4,50
"2677","Sn","H212",2,100
"2678","Sn","H213",4,100
"2679","Sn","H214",5,40
"2680","Sn","H215",5,100
"2681","Sn","H216",5,100
"2682","Sn","H217",5,100
"2683","Sn","H218",4,75
"2684","Sn","H219",4,100
"2685","Sn","H220",5,100
"2686","Sn","H221",6,66.7
"2687","Sn","H222",4,75
"2688","Sn","H224",1,0
"2689","Sn","H225",1,100
"2690","Sn","T002",2,100
"2691","Sn","T006",1,100
"2692","Sn","T008",2,100
"2693","Sn","T009",2,50
"2694","Sn","T010",2,100
"2695","Sn","T013",1,100
"2696","Sn","T014",2,100
"2697","Sn","T015",2,100
"2698","Sn","T016",1,100
"2699","Sn","T018",2,100
"2700","Sn","T019",2,100
"2701","Sn","T020",2,100
"2702","Sn","T022",2,100
"2703","Sn","T023",2,100
"2704","Sn","T024",2,100
"2705","Sn","T025",2,0
"2706","Sn","T029",2,100
"2707","Sn","T033",1,100
"2708","Sn","T034",2,100
"2709","Sn","T035",2,50
"2710","Sn","T036",2,50
"2711","Sn","T037",1,100
"2712","Sn","T038",2,100
"2713","Sn","T039",2,100
"2714","Sn","T040",2,50
"2715","Sn","T041",1,100
"2716","Sn","T044",2,100
"2717","Sn","T046",2,100
"2718","Sn","T047",2,100
"2719","Sn","T048",1,0
"2720","Sn","T101",6,100
"2721","Sn","T102",6,83.3
"2722","Sn","T104",4,75
"2723","Sn","T105",1,100
"2724","Sn","T106",4,100
"2725","Sn","T107",4,100
"2726","Sn","T108",1,100
"2727","Sn","T109",6,100
"2728","Sn","T110",4,100
"2729","Sn","T111",4,100
"2730","Sn","T112",3,100
"2731","Sn","T113",6,83.3
"2732","Sn","T114",5,80
"2733","Sn","T115",1,100
"2734","Sn","T116",4,75
"2735","Sn","T117",5,80
"2736","Sn","T118",2,100
"2737","Sn","T119",1,100
"2738","Sn","T120",4,100
"2739","Sn","T121",6,100
"2740","Sn","T122",6,100
"2741","Sn","T123",4,75
"2742","Sn","T127",3,100
"2743","Sn","T128",6,66.7
"2744","Sn","T129",2,100
"2745","Sn","T132",4,100
"2746","Sn","T133",2,100
"2747","Sn","T134",1,100
"2748","Sn","T135",1,100
"2749","Sn","T137",3,100
"2750","Sn","T138",5,100
"2751","Sn","T141",5,100
"2752","Sn","T142",3,100
"2753","Sn","T143",5,100
"2754","Sn","T144",2,100
"2755","Sn","T146",3,100
"2756","Sn","T149",1,100
"2757","Sn","T150",2,100
"2758","Sn","T151",1,100
"2759","Sn","T152",4,50
"2760","Sn","T153",4,100
"2761","Sn","T154",6,83.3
"2762","Sn","T155",1,100
"2763","Sn","T156",6,83.3
"2764","Sn","T157",5,80
"2765","Sn","T158",4,100
"2766","Sn","T159",5,80
"2767","Sn","T160",5,80
"2768","Sn","T161",4,100
"2769","Sn","T162",3,100
"2770","Sn","T163",6,66.7
"2771","Sn","T164",4,75
"2772","Sn","T166",4,100
"2773","Sn","T169",6,100
"2774","Sn","T170",3,100
"2775","Sn","T172",4,100
"2776","Sn","T178",4,100
"2777","Sn","T180",1,100
"2778","Sn","T181",2,100
"2779","Sn","T182",3,100
"2780","Sn","T183",3,100
"2781","Sn","T187",5,100
"2782","Sn","T188",5,100
"2783","Sn","T190",1,100
"2784","Sn","T192",4,50
"2785","Sn","T193",3,100
"2786","Sn","T194",3,100
"2787","Sn","T198",5,80
"2788","Sn","T199",5,40
"2789","V","D302",2,100
"2790","V","D303",2,100
"2791","V","D304",1,100
"2792","V","D305",6,83.3
"2793","V","D306",1,100
"2794","V","D307",3,100
"2795","V","D308",6,66.7
"2796","V","D309",3,100
"2797","V","D310",1,100
"2798","V","D311",4,50
"2799","V","D312",2,0
"2800","V","D315",2,50
"2801","V","D316",2,100
"2802","V","D317",6,83.3
"2803","V","D319",2,50
"2804","V","D321",6,66.7
"2805","V","D325",2,50
"2806","V","D326",2,100
"2807","V","G400",6,66.7
"2808","V","G401",5,60
"2809","V","G402",7,71.4
"2810","V","G403",6,66.7
"2811","V","G404",5,40
"2812","V","G405",5,60
"2813","V","G407",5,80
"2814","V","G408",2,100
"2815","V","G409",2,100
"2816","V","G410",5,60
"2817","V","G412",6,50
"2818","V","G413",6,83.3
"2819","V","G414",6,50
"2820","V","G415",6,83.3
"2821","V","G416",4,100
"2822","V","G417",5,60
"2823","V","G418",5,100
"2824","V","G419",3,100
"2825","V","G420",5,60
"2826","V","G422",5,40
"2827","V","G424",4,100
"2828","V","G425",4,75
"2829","V","G426",5,40
"2830","V","G427",5,40
"2831","V","G428",6,100
"2832","V","G429",1,100
"2833","V","H203",5,100
"2834","V","H204",5,80
"2835","V","H205",3,66.7
"2836","V","H206",6,83.3
"2837","V","H208",7,100
"2838","V","H209",6,100
"2839","V","H210",6,100
"2840","V","H211",4,75
"2841","V","H212",2,100
"2842","V","H213",4,75
"2843","V","H214",5,80
"2844","V","H215",5,80
"2845","V","H216",5,80
"2846","V","H217",5,80
"2847","V","H218",4,75
"2848","V","H219",4,100
"2849","V","H220",5,60
"2850","V","H221",6,66.7
"2851","V","H222",4,100
"2852","V","H224",1,100
"2853","V","H225",1,100
"2854","V","T002",2,100
"2855","V","T006",1,0
"2856","V","T008",2,100
"2857","V","T009",2,50
"2858","V","T010",2,100
"2859","V","T013",1,100
"2860","V","T014",2,100
"2861","V","T015",2,100
"2862","V","T016",1,0
"2863","V","T018",2,0
"2864","V","T019",2,100
"2865","V","T020",2,100
"2866","V","T022",2,100
"2867","V","T023",2,50
"2868","V","T024",2,100
"2869","V","T025",2,50
"2870","V","T029",2,100
"2871","V","T033",1,100
"2872","V","T034",2,50
"2873","V","T035",2,50
"2874","V","T036",2,50
"2875","V","T037",1,100
"2876","V","T038",2,50
"2877","V","T039",2,50
"2878","V","T040",2,50
"2879","V","T041",1,100
"2880","V","T044",2,100
"2881","V","T046",2,50
"2882","V","T047",2,50
"2883","V","T048",1,100
"2884","V","T101",6,100
"2885","V","T102",6,83.3
"2886","V","T104",4,100
"2887","V","T105",1,100
"2888","V","T106",4,75
"2889","V","T107",4,100
"2890","V","T108",1,100
"2891","V","T109",6,83.3
"2892","V","T110",4,100
"2893","V","T111",4,100
"2894","V","T112",3,100
"2895","V","T113",6,100
"2896","V","T114",5,80
"2897","V","T115",1,100
"2898","V","T116",4,75
"2899","V","T117",5,100
"2900","V","T118",2,50
"2901","V","T119",1,100
"2902","V","T120",4,100
"2903","V","T121",6,100
"2904","V","T122",6,83.3
"2905","V","T123",4,100
"2906","V","T127",3,33.3
"2907","V","T128",6,83.3
"2908","V","T129",2,50
"2909","V","T132",4,50
"2910","V","T133",2,100
"2911","V","T134",1,100
"2912","V","T135",1,100
"2913","V","T137",3,100
"2914","V","T138",5,80
"2915","V","T141",5,80
"2916","V","T142",3,100
"2917","V","T143",5,80
"2918","V","T144",2,100
"2919","V","T146",3,100
"2920","V","T149",1,100
"2921","V","T150",2,50
"2922","V","T151",1,100
"2923","V","T152",4,50
"2924","V","T153",4,100
"2925","V","T154",6,100
"2926","V","T155",1,100
"2927","V","T156",6,100
"2928","V","T157",5,100
"2929","V","T158",4,100
"2930","V","T159",5,100
"2931","V","T160",5,80
"2932","V","T161",4,75
"2933","V","T162",3,100
"2934","V","T163",6,100
"2935","V","T164",4,100
"2936","V","T166",4,100
"2937","V","T169",6,100
"2938","V","T170",3,100
"2939","V","T172",4,75
"2940","V","T178",4,75
"2941","V","T180",1,100
"2942","V","T181",2,100
"2943","V","T182",3,100
"2944","V","T183",3,100
"2945","V","T187",5,100
"2946","V","T188",5,100
"2947","V","T190",1,100
"2948","V","T192",4,100
"2949","V","T193",3,100
"2950","V","T194",3,100
"2951","V","T198",5,80
"2952","V","T199",5,100
"2953","Zn","D302",2,100
"2954","Zn","D303",2,100
"2955","Zn","D304",1,100
"2956","Zn","D305",6,100
"2957","Zn","D306",1,100
"2958","Zn","D307",3,100
"2959","Zn","D308",6,100
"2960","Zn","D309",3,100
"2961","Zn","D310",1,100
"2962","Zn","D311",4,100
"2963","Zn","D312",2,100
"2964","Zn","D315",2,100
"2965","Zn","D316",2,100
"2966","Zn","D317",6,100
"2967","Zn","D319",2,100
"2968","Zn","D321",6,100
"2969","Zn","D325",2,100
"2970","Zn","D326",2,100
"2971","Zn","G400",6,100
"2972","Zn","G401",5,100
"2973","Zn","G402",7,100
"2974","Zn","G403",6,100
"2975","Zn","G404",5,100
"2976","Zn","G405",5,100
"2977","Zn","G407",5,100
"2978","Zn","G408",2,100
"2979","Zn","G409",2,100
"2980","Zn","G410",5,100
"2981","Zn","G412",6,100
"2982","Zn","G413",6,100
"2983","Zn","G414",6,100
"2984","Zn","G415",6,100
"2985","Zn","G416",4,100
"2986","Zn","G417",5,100
"2987","Zn","G418",5,100
"2988","Zn","G419",3,100
"2989","Zn","G420",5,100
"2990","Zn","G422",5,100
"2991","Zn","G424",4,100
"2992","Zn","G425",4,100
"2993","Zn","G426",5,100
"2994","Zn","G427",5,100
"2995","Zn","G428",6,100
"2996","Zn","G429",1,100
"2997","Zn","H203",5,100
"2998","Zn","H204",5,100
"2999","Zn","H205",3,100
"3000","Zn","H206",6,100
"3001","Zn","H208",7,100
"3002","Zn","H209",6,100
"3003","Zn","H210",6,100
"3004","Zn","H211",4,100
"3005","Zn","H212",2,100
"3006","Zn","H213",4,100
"3007","Zn","H214",5,100
"3008","Zn","H215",5,100
"3009","Zn","H216",5,100
"3010","Zn","H217",5,100
"3011","Zn","H218",4,100
"3012","Zn","H219",4,100
"3013","Zn","H220",5,100
"3014","Zn","H221",6,100
"3015","Zn","H222",4,100
"3016","Zn","H224",1,100
"3017","Zn","H225",1,100
"3018","Zn","T002",2,100
"3019","Zn","T006",1,100
"3020","Zn","T008",2,100
"3021","Zn","T009",2,100
"3022","Zn","T010",2,100
"3023","Zn","T013",1,100
"3024","Zn","T014",2,100
"3025","Zn","T015",2,100
"3026","Zn","T016",1,100
"3027","Zn","T018",2,100
"3028","Zn","T019",2,100
"3029","Zn","T020",2,100
"3030","Zn","T022",2,100
"3031","Zn","T023",2,100
"3032","Zn","T024",2,100
"3033","Zn","T025",2,100
"3034","Zn","T029",2,100
"3035","Zn","T033",1,100
"3036","Zn","T034",2,100
"3037","Zn","T035",2,100
"3038","Zn","T036",2,100
"3039","Zn","T037",1,100
"3040","Zn","T038",2,100
"3041","Zn","T039",2,100
"3042","Zn","T040",2,100
"3043","Zn","T041",1,100
"3044","Zn","T044",2,100
"3045","Zn","T046",2,100
"3046","Zn","T047",2,100
"3047","Zn","T048",1,100
"3048","Zn","T101",6,100
"3049","Zn","T102",6,100
"3050","Zn","T104",4,100
"3051","Zn","T105",1,100
"3052","Zn","T106",4,100
"3053","Zn","T107",4,100
"3054","Zn","T108",1,100
"3055","Zn","T109",6,100
"3056","Zn","T110",4,100
"3057","Zn","T111",4,100
"3058","Zn","T112",3,100
"3059","Zn","T113",6,100
"3060","Zn","T114",5,100
"3061","Zn","T115",1,100
"3062","Zn","T116",4,100
"3063","Zn","T117",5,100
"3064","Zn","T118",2,100
"3065","Zn","T119",1,100
"3066","Zn","T120",4,100
"3067","Zn","T121",6,100
"3068","Zn","T122",6,100
"3069","Zn","T123",4,100
"3070","Zn","T127",3,100
"3071","Zn","T128",6,100
"3072","Zn","T129",2,100
"3073","Zn","T132",4,100
"3074","Zn","T133",2,100
"3075","Zn","T134",1,100
"3076","Zn","T135",1,100
"3077","Zn","T137",3,100
"3078","Zn","T138",5,100
"3079","Zn","T141",5,100
"3080","Zn","T142",3,100
"3081","Zn","T143",5,100
"3082","Zn","T144",2,100
"3083","Zn","T146",3,100
"3084","Zn","T149",1,100
"3085","Zn","T150",2,100
"3086","Zn","T151",1,100
"3087","Zn","T152",4,100
"3088","Zn","T153",4,100
"3089","Zn","T154",6,100
"3090","Zn","T155",1,100
"3091","Zn","T156",6,100
"3092","Zn","T157",5,100
"3093","Zn","T158",4,100
"3094","Zn","T159",5,100
"3095","Zn","T160",5,100
"3096","Zn","T161",4,100
"3097","Zn","T162",3,100
"3098","Zn","T163",6,100
"3099","Zn","T164",4,100
"3100","Zn","T166",4,100
"3101","Zn","T169",6,100
"3102","Zn","T170",3,100
"3103","Zn","T172",4,100
"3104","Zn","T178",4,100
"3105","Zn","T180",1,100
"3106","Zn","T181",2,100
"3107","Zn","T182",3,100
"3108","Zn","T183",3,100
"3109","Zn","T187",5,100
"3110","Zn","T188",5,100
"3111","Zn","T190",1,100
"3112","Zn","T192",4,100
"3113","Zn","T193",3,100
"3114","Zn","T194",3,100
"3115","Zn","T198",5,100
"3116","Zn","T199",5,100
